sentence_id,text,gold_label,prediction,correct,source,source_row_id,negative_logit,positive_logit,negative_probability,positive_probability,negative_base_value,positive_base_value,negative_sum_shap_values,positive_sum_shap_values,negative_reconstructed_logit,positive_reconstructed_logit,negative_additivity_residual,positive_additivity_residual,margin,margin_base_value_from_dual,margin_sum_shap_values_from_dual,margin_reconstructed_from_dual,margin_additivity_residual_from_dual,feature_count,content_feature_count,content_word_count,negative_mean_abs_word_shap,positive_mean_abs_word_shap,top_negative_increasing_word,top_negative_decreasing_word,top_positive_increasing_word,top_positive_decreasing_word,shap_model_evaluations,runtime_seconds
S1,The film is a beautiful and moving portrait of human resilience.,POS,POS,1,qualitative_s1_s10,S1,-4.19376277923584,4.052656650543213,0.00026212685042992234,0.9997379183769226,-1.9174925088882446,1.678025484085083,-2.276270270347595,2.37463116645813,-4.19376277923584,4.052656650543213,0.0,0.0,8.246419906616211,3.5955179929733276,4.650901436805725,8.246419429779053,4.76837158203125e-07,16,13,11,0.2697627903385596,0.2619170604951002,of (+0.1058),beautiful (-1.1532),beautiful (+1.1037),is (-0.0771),344,7.003072261810303
S2,This movie is an absolute waste of time and money.,NEG,NEG,1,qualitative_s1_s10,S2,3.828538417816162,-3.318793773651123,0.9992135763168335,0.0007863419014029205,-1.405334234237671,1.256720781326294,5.233872652053833,-4.575514554977417,3.828538417816162,-3.318793773651123,0.0,0.0,-7.147332191467285,2.662055015563965,-9.80938720703125,-7.147332191467285,0.0,13,10,10,0.7657213801117905,0.6715336637498694,waste (+3.0587),and (-1.2522),and (+1.0829),waste (-2.6350),264,1.5857164859771729
S3,It's a bit slow at times but the performances are outstanding.,POS,POS,1,qualitative_s1_s10,S3,-3.520557165145874,3.442493438720703,0.000945311039686203,0.9990547299385071,-1.9174925088882446,1.678025484085083,-1.6030646562576294,1.7644679546356201,-3.520557165145874,3.442493438720703,0.0,0.0,6.963050842285156,3.5955179929733276,3.3675326108932495,6.963050603866577,2.384185791015625e-07,16,12,12,0.39307127501039457,0.35710771519613144,slow (+0.5956),outstanding (-1.9041),outstanding (+1.8437),slow (-0.4466),500,3.4012503623962402
S4,"A dull, tedious and completely forgettable experience.",NEG,NEG,1,qualitative_s1_s10,S4,3.7819621562957764,-3.4976322650909424,0.9993109703063965,0.0006889900541864336,-1.405334234237671,1.256720781326294,5.187296390533447,-4.754353046417236,3.7819621562957764,-3.4976322650909424,0.0,0.0,-7.279594421386719,2.662055015563965,-9.941649436950684,-7.279594421386719,0.0,13,9,7,0.7435155750385353,0.6729768562529769,dull (+2.1185),a (-0.1704),a (+0.1452),dull (-1.8939),264,1.6546423435211182
S5,The direction is inspired and the acting is nothing short of brilliant.,POS,POS,1,qualitative_s1_s10,S5,-4.1542510986328125,4.012267589569092,0.0002839242515619844,0.9997161030769348,-1.9097520112991333,1.6897895336151123,-2.244499087333679,2.3224780559539795,-4.1542510986328125,4.012267589569092,0.0,0.0,8.166519165039062,3.5995415449142456,4.566977143287659,8.166518688201904,4.76837158203125e-07,15,12,12,0.4019505519730349,0.35687822188871604,the (+0.2730),brilliant (-2.1035),brilliant (+1.9438),the (-0.2326),376,2.4703853130340576
S6,A masterpiece of storytelling with breathtaking visuals and emotion.,POS,POS,1,qualitative_s1_s10,S6,-4.197082996368408,4.022840976715088,0.00026916302158497274,0.9997307658195496,-1.405334234237671,1.256720781326294,-2.7917487621307373,2.766120195388794,-4.197082996368408,4.022840976715088,0.0,0.0,8.219923973083496,2.662055015563965,5.557868957519531,8.219923973083496,0.0,13,10,9,0.5325889736413956,0.4837862087620629,emotion (+0.9633),breathtaking (-0.9590),breathtaking (+0.8913),emotion (-0.7615),264,1.5547325611114502
S7,Painfully boring and utterly devoid of any originality or charm.,NEG,NEG,1,qualitative_s1_s10,S7,3.8790786266326904,-3.484506368637085,0.9993664622306824,0.0006335201323963702,-1.6368293762207031,1.4503986835479736,5.5159080028533936,-4.934905052185059,3.8790786266326904,-3.484506368637085,0.0,0.0,-7.363584995269775,3.0872280597686768,-10.450813055038452,-7.363584995269775,0.0,14,11,10,0.7011458337306976,0.6314066775143147,boring (+1.8844),charm (-0.8099),charm (+0.7449),boring (-1.6830),360,2.2762393951416016
S8,The screenplay is weak but the lead actor delivers a captivating turn.,POS,POS,1,qualitative_s1_s10,S8,-3.506474018096924,3.431006669998169,0.0009697704226709902,0.9990302324295044,-1.9174925088882446,1.678025484085083,-1.5889815092086792,1.752981185913086,-3.506474018096924,3.431006669998169,0.0,0.0,6.937480926513672,3.5955179929733276,3.341962695121765,6.937480688095093,2.384185791015625e-07,16,13,12,0.65375774136434,0.5875267324348291,weak (+2.1135),captivating (-2.4335),captivating (+2.3337),weak (-1.7651),408,2.85656476020813
S9,A hollow and disappointing sequel that betrays everything the original stood for.,NEG,NEG,1,qualitative_s1_s10,S9,3.7930290699005127,-3.358466625213623,0.9992169141769409,0.0007830771501176059,-1.9174925088882446,1.678025484085083,5.710521578788757,-5.036492109298706,3.7930290699005127,-3.358466625213623,0.0,0.0,-7.151495933532715,3.5955179929733276,-10.747013688087463,-7.151495695114136,-2.384185791015625e-07,16,13,12,0.5249065634755729,0.47101445037696976,hollow (+1.9841),a (-0.2763),a (+0.2269),hollow (-1.7098),456,3.0433363914489746
S10,"Funny, heartfelt and endlessly entertaining from beginning to end.",POS,POS,1,qualitative_s1_s10,S10,-4.3160905838012695,4.064553737640381,0.0002292097342433408,0.9997708201408386,-1.9097520112991333,1.6897895336151123,-2.4063385725021362,2.3747642040252686,-4.3160905838012695,4.064553737640381,0.0,0.0,8.380643844604492,3.5995415449142456,4.781102776527405,8.38064432144165,-4.76837158203125e-07,15,11,9,0.39317564764577484,0.3736667909478355,to (+0.2217),entertaining (-1.4727),entertaining (+1.3631),to (-0.1822),488,3.1991732120513916
D01,"It's just disappointingly superficial—a movie that has all the elements necessary to be a fascinating, involving character study, but never does more than scratch the surface.",NEG,NEG,1,sst2_dev_curated,59,3.4692349433898926,-3.0463390350341797,0.9985219836235046,0.0014780182391405106,-2.1157150268554688,1.9040732383728027,5.584949970245361,-4.950412273406982,3.469234943389891,-3.0463390350341797,1.7763568394002505e-15,0.0,-6.515573978424072,4.0197882652282715,-10.535362243652344,-6.515573978424072,0.0,36,30,29,0.24532142820282898,0.21554875481730001,disappointingly (+2.1804),never (-0.1758),more (+0.1576),disappointingly (-1.9074),500,7.198063373565674
D02,"It provides the grand, intelligent entertainment of a superior cast playing smart people amid a compelling plot.",POS,POS,1,sst2_dev_curated,129,-4.210165023803711,4.0334038734436035,0.0002628751681186259,0.9997370839118958,-2.558265447616577,2.2288646697998047,-1.651899576187134,1.8045392036437988,-4.210165023803711,4.0334038734436035,0.0,0.0,8.243568420410156,4.787130117416382,3.456438779830932,8.243568897247314,-4.76837158203125e-07,21,17,17,0.1764841386500527,0.17173303597990205,it (+0.3256),grand (-0.5458),grand (+0.5495),it (-0.2721),500,4.231931447982788
D03,It's a bad thing when a movie has about as much substance as its end-credits blooper reel.,NEG,NEG,1,sst2_dev_curated,181,3.604917049407959,-3.3455731868743896,0.9990426898002625,0.0009572483249939978,-2.73142409324646,2.406937599182129,6.336341142654419,-5.7525107860565186,3.60491704940796,-3.3455731868743905,-8.881784197001252e-16,8.881784197001252e-16,-6.9504899978637695,5.138361692428589,-12.088851928710938,-6.950490236282349,2.384185791015625e-07,26,21,19,0.34072980098017863,0.3062317676744179,bad (+1.0789),when (-0.1148),when (+0.0849),bad (-0.9951),500,5.639488458633423
D04,"First-time writer-director Serry shows a remarkable gift for storytelling with this moving, effective little film.",POS,POS,1,sst2_dev_curated,603,-4.2597126960754395,4.068498134613037,0.0002415455674054101,0.9997584223747253,-2.7240912914276123,2.386018753051758,-1.5356214046478271,1.6824793815612793,-4.2597126960754395,4.068498134613037,0.0,0.0,8.328210830688477,5.11011004447937,3.2181007862091064,8.328210830688477,0.0,24,18,17,0.13996069810773226,0.13321522130703956,serry (+0.1216),effective (-0.3737),effective (+0.4213),director (-0.1111),500,5.064140558242798
D05,"The entire movie is about a boring, sad man being boring and sad.",NEG,NEG,1,sst2_dev_curated,212,3.1897449493408203,-3.079183340072632,0.9981093406677246,0.0018906757468357682,-1.9784941673278809,1.7135133743286133,5.168239116668701,-4.792696714401245,3.1897449493408203,-3.079183340072632,0.0,0.0,-6.268928527832031,3.692007541656494,-9.960935831069946,-6.268928289413452,-2.384185791015625e-07,17,13,13,0.5033986713183717,0.46169487985529345,boring (+1.9484),about (-0.4145),about (+0.3607),boring (-1.7334),408,3.115269660949707
D06,"It proves quite compelling as an intense, brooding character study.",POS,POS,1,sst2_dev_curated,327,-4.062894821166992,3.953249216079712,0.00032998155802488327,0.9996700286865234,-1.6368293762207031,1.4503986835479736,-2.426065444946289,2.5028505325317383,-4.062894821166992,3.953249216079712,0.0,0.0,8.016143798828125,3.0872280597686768,4.928915977478027,8.016144037246704,-2.384185791015625e-07,14,10,10,0.6540161804761737,0.5981275541009381,brooding (+1.0908),compelling (-1.7863),compelling (+1.7124),brooding (-0.8911),328,2.179697036743164
D07,"The film's hackneyed message is not helped by the thin characterizations, nonexistent plot, and pretentious visual style.",NEG,NEG,1,sst2_dev_curated,429,3.831613540649414,-3.4158151149749756,0.9992884397506714,0.0007114959880709648,-2.2578351497650146,2.036808729171753,6.0894486904144305,-5.452623844146727,3.831613540649416,-3.4158151149749747,-1.7763568394002505e-15,-8.881784197001252e-16,-7.247428894042969,4.294643878936768,-11.542072534561157,-7.24742865562439,-2.384185791015625e-07,31,25,18,0.45381059907204296,0.39208936972297836,hackneyed (+1.4294),visual (-0.4124),visual (+0.3446),hackneyed (-1.2022),500,6.823803901672363
D08,"The film is powerful, accessible, and funny.",POS,POS,1,sst2_dev_curated,504,-4.234848499298096,4.057709217071533,0.0002503106079529971,0.9997497200965881,-1.077944278717041,0.971910834312439,-3.1569042205810547,3.0857983827590942,-4.234848499298096,4.057709217071533,0.0,0.0,8.292557716369629,2.04985511302948,6.242702603340149,8.292557716369629,0.0,12,7,7,0.6341351926717574,0.5855983712660547,accessible (+0.2297),powerful (-2.0952),powerful (+1.9980),accessible (-0.2271),232,1.4066650867462158
D09,I got a headache watching this meaningless downer.,NEG,NEG,1,sst2_dev_curated,591,3.72121262550354,-3.3082923889160156,0.9991154074668884,0.0008845869451761246,-1.077944278717041,0.971910834312439,4.799156904220581,-4.280203223228455,3.72121262550354,-3.3082923889160156,0.0,0.0,-7.029504776000977,2.04985511302948,-9.079360127449036,-7.029505014419556,2.384185791015625e-07,12,9,8,0.694963127374649,0.5917947246925905,meaningless (+1.8118),watching (-0.2797),watching (+0.1961),meaningless (-1.5439),184,1.0829179286956787
D10,I had to look away; this was god-awful.,NEG,NEG,1,sst2_dev_curated,29,2.7700719833374023,-2.3037493228912354,0.9937804341316223,0.006219535134732723,-1.6368293762207031,1.4503986835479736,4.4069013595581055,-3.754148006439209,2.7700719833374023,-2.3037493228912354,0.0,0.0,-5.073821067810059,3.0872280597686768,-8.161049365997314,-5.073821306228638,2.384185791015625e-07,14,9,9,0.614132056517216,0.5319609517076364,awful (+3.6012),god (-0.4221),god (+0.4034),awful (-3.1284),264,1.7015318870544434
