sentence_id,text,gold_label,prediction,class_index,class_name,word_index,word,is_content,shap_value,absolute_shap_value,increases_target_score
S1,The film is a beautiful and moving portrait of human resilience.,POS,POS,0,NEG,0,The,1,0.0041860975325107574,0.0041860975325107574,1
S1,The film is a beautiful and moving portrait of human resilience.,POS,POS,1,POS,0,The,1,0.00497780367732048,0.00497780367732048,1
S1,The film is a beautiful and moving portrait of human resilience.,POS,POS,0,NEG,1,film,1,0.030971258878707886,0.030971258878707886,1
S1,The film is a beautiful and moving portrait of human resilience.,POS,POS,1,POS,1,film,1,0.04021814465522766,0.04021814465522766,1
S1,The film is a beautiful and moving portrait of human resilience.,POS,POS,0,NEG,2,is,1,0.019767560064792633,0.019767560064792633,1
S1,The film is a beautiful and moving portrait of human resilience.,POS,POS,1,POS,2,is,1,0.01969766616821289,0.01969766616821289,1
S1,The film is a beautiful and moving portrait of human resilience.,POS,POS,0,NEG,3,a,1,0.0004873611032962799,0.0004873611032962799,1
S1,The film is a beautiful and moving portrait of human resilience.,POS,POS,1,POS,3,a,1,7.613375782966614e-05,7.613375782966614e-05,1
S1,The film is a beautiful and moving portrait of human resilience.,POS,POS,0,NEG,4,beautiful,1,0.002596203237771988,0.002596203237771988,1
S1,The film is a beautiful and moving portrait of human resilience.,POS,POS,1,POS,4,beautiful,1,0.007731210440397263,0.007731210440397263,1
S1,The film is a beautiful and moving portrait of human resilience.,POS,POS,0,NEG,5,and,1,0.0055131688714027405,0.0055131688714027405,1
S1,The film is a beautiful and moving portrait of human resilience.,POS,POS,1,POS,5,and,1,0.006352156400680542,0.006352156400680542,1
S1,The film is a beautiful and moving portrait of human resilience.,POS,POS,0,NEG,6,moving,1,-0.00461433082818985,0.00461433082818985,0
S1,The film is a beautiful and moving portrait of human resilience.,POS,POS,1,POS,6,moving,1,-0.004086904227733612,0.004086904227733612,0
S1,The film is a beautiful and moving portrait of human resilience.,POS,POS,0,NEG,7,portrait,1,-0.013679645955562592,0.013679645955562592,0
S1,The film is a beautiful and moving portrait of human resilience.,POS,POS,1,POS,7,portrait,1,-0.012274473905563354,0.012274473905563354,0
S1,The film is a beautiful and moving portrait of human resilience.,POS,POS,0,NEG,8,of,1,0.007513180375099182,0.007513180375099182,1
S1,The film is a beautiful and moving portrait of human resilience.,POS,POS,1,POS,8,of,1,0.008053639903664589,0.008053639903664589,1
S1,The film is a beautiful and moving portrait of human resilience.,POS,POS,0,NEG,9,human,1,-0.007773555815219879,0.007773555815219879,0
S1,The film is a beautiful and moving portrait of human resilience.,POS,POS,1,POS,9,human,1,-0.006890861317515373,0.006890861317515373,0
S1,The film is a beautiful and moving portrait of human resilience.,POS,POS,0,NEG,10,resilience,1,-0.004593290388584137,0.004593290388584137,0
S1,The film is a beautiful and moving portrait of human resilience.,POS,POS,1,POS,10,resilience,1,-0.004161868244409561,0.004161868244409561,0
S1,The film is a beautiful and moving portrait of human resilience.,POS,POS,0,NEG,11,.,0,0.0030757486820220947,0.0030757486820220947,1
S1,The film is a beautiful and moving portrait of human resilience.,POS,POS,1,POS,11,.,0,0.00347350537776947,0.00347350537776947,1
S2,This movie is an absolute waste of time and money.,NEG,NEG,0,NEG,0,This,1,0.019102146849036217,0.019102146849036217,1
S2,This movie is an absolute waste of time and money.,NEG,NEG,1,POS,0,This,1,0.02296929620206356,0.02296929620206356,1
S2,This movie is an absolute waste of time and money.,NEG,NEG,0,NEG,1,movie,1,0.05000739358365536,0.05000739358365536,1
S2,This movie is an absolute waste of time and money.,NEG,NEG,1,POS,1,movie,1,0.05934208817780018,0.05934208817780018,1
S2,This movie is an absolute waste of time and money.,NEG,NEG,0,NEG,2,is,1,0.0008858423680067062,0.0008858423680067062,1
S2,This movie is an absolute waste of time and money.,NEG,NEG,1,POS,2,is,1,-0.0013644751161336899,0.0013644751161336899,0
S2,This movie is an absolute waste of time and money.,NEG,NEG,0,NEG,3,an,1,0.001017952337861061,0.001017952337861061,1
S2,This movie is an absolute waste of time and money.,NEG,NEG,1,POS,3,an,1,-0.0006772000342607498,0.0006772000342607498,0
S2,This movie is an absolute waste of time and money.,NEG,NEG,0,NEG,4,absolute,1,0.004563936963677406,0.004563936963677406,1
S2,This movie is an absolute waste of time and money.,NEG,NEG,1,POS,4,absolute,1,0.007129428908228874,0.007129428908228874,1
S2,This movie is an absolute waste of time and money.,NEG,NEG,0,NEG,5,waste,1,0.01189190149307251,0.01189190149307251,1
S2,This movie is an absolute waste of time and money.,NEG,NEG,1,POS,5,waste,1,0.004236346110701561,0.004236346110701561,1
S2,This movie is an absolute waste of time and money.,NEG,NEG,0,NEG,6,of,1,-0.00018562749028205872,0.00018562749028205872,0
S2,This movie is an absolute waste of time and money.,NEG,NEG,1,POS,6,of,1,-0.002285720780491829,0.002285720780491829,0
S2,This movie is an absolute waste of time and money.,NEG,NEG,0,NEG,7,time,1,-0.0003021135926246643,0.0003021135926246643,0
S2,This movie is an absolute waste of time and money.,NEG,NEG,1,POS,7,time,1,0.0006325468420982361,0.0006325468420982361,1
S2,This movie is an absolute waste of time and money.,NEG,NEG,0,NEG,8,and,1,0.007732756435871124,0.007732756435871124,1
S2,This movie is an absolute waste of time and money.,NEG,NEG,1,POS,8,and,1,0.0072761401534080505,0.0072761401534080505,1
S2,This movie is an absolute waste of time and money.,NEG,NEG,0,NEG,9,money,1,0.0012136884033679962,0.0012136884033679962,1
S2,This movie is an absolute waste of time and money.,NEG,NEG,1,POS,9,money,1,0.002239760011434555,0.002239760011434555,1
S2,This movie is an absolute waste of time and money.,NEG,NEG,0,NEG,10,.,0,0.005642462521791458,0.005642462521791458,1
S2,This movie is an absolute waste of time and money.,NEG,NEG,1,POS,10,.,0,0.006972786039113998,0.006972786039113998,1
S3,It's a bit slow at times but the performances are outstanding.,POS,NEG,0,NEG,0,It's,1,0.007155783474445343,0.007155783474445343,1
S3,It's a bit slow at times but the performances are outstanding.,POS,NEG,1,POS,0,It's,1,0.00702255591750145,0.00702255591750145,1
S3,It's a bit slow at times but the performances are outstanding.,POS,NEG,0,NEG,1,a,1,0.005494760349392891,0.005494760349392891,1
S3,It's a bit slow at times but the performances are outstanding.,POS,NEG,1,POS,1,a,1,0.005181994289159775,0.005181994289159775,1
S3,It's a bit slow at times but the performances are outstanding.,POS,NEG,0,NEG,2,bit,1,-0.00019555632025003433,0.00019555632025003433,0
S3,It's a bit slow at times but the performances are outstanding.,POS,NEG,1,POS,2,bit,1,-0.0011398103088140488,0.0011398103088140488,0
S3,It's a bit slow at times but the performances are outstanding.,POS,NEG,0,NEG,3,slow,1,-0.014181368984282017,0.014181368984282017,0
S3,It's a bit slow at times but the performances are outstanding.,POS,NEG,1,POS,3,slow,1,-0.015386557206511497,0.015386557206511497,0
S3,It's a bit slow at times but the performances are outstanding.,POS,NEG,0,NEG,4,at,1,0.0020441515371203423,0.0020441515371203423,1
S3,It's a bit slow at times but the performances are outstanding.,POS,NEG,1,POS,4,at,1,0.0026039239019155502,0.0026039239019155502,1
S3,It's a bit slow at times but the performances are outstanding.,POS,NEG,0,NEG,5,times,1,0.0023628203198313713,0.0023628203198313713,1
S3,It's a bit slow at times but the performances are outstanding.,POS,NEG,1,POS,5,times,1,0.003750113770365715,0.003750113770365715,1
S3,It's a bit slow at times but the performances are outstanding.,POS,NEG,0,NEG,6,but,1,0.01548878476023674,0.01548878476023674,1
S3,It's a bit slow at times but the performances are outstanding.,POS,NEG,1,POS,6,but,1,0.0161796435713768,0.0161796435713768,1
S3,It's a bit slow at times but the performances are outstanding.,POS,NEG,0,NEG,7,the,1,0.004126077517867088,0.004126077517867088,1
S3,It's a bit slow at times but the performances are outstanding.,POS,NEG,1,POS,7,the,1,0.0031275376677513123,0.0031275376677513123,1
S3,It's a bit slow at times but the performances are outstanding.,POS,NEG,0,NEG,8,performances,1,-0.009921709075570107,0.009921709075570107,0
S3,It's a bit slow at times but the performances are outstanding.,POS,NEG,1,POS,8,performances,1,-0.007340528070926666,0.007340528070926666,0
S3,It's a bit slow at times but the performances are outstanding.,POS,NEG,0,NEG,9,are,1,-0.0008876863867044449,0.0008876863867044449,0
S3,It's a bit slow at times but the performances are outstanding.,POS,NEG,1,POS,9,are,1,-0.0008452087640762329,0.0008452087640762329,0
S3,It's a bit slow at times but the performances are outstanding.,POS,NEG,0,NEG,10,outstanding,1,0.007279401645064354,0.007279401645064354,1
S3,It's a bit slow at times but the performances are outstanding.,POS,NEG,1,POS,10,outstanding,1,0.009912386536598206,0.009912386536598206,1
S3,It's a bit slow at times but the performances are outstanding.,POS,NEG,0,NEG,11,.,0,0.000958956778049469,0.000958956778049469,1
S3,It's a bit slow at times but the performances are outstanding.,POS,NEG,1,POS,11,.,0,0.0014884918928146362,0.0014884918928146362,1
S4,"A dull, tedious and completely forgettable experience.",NEG,NEG,0,NEG,0,A,1,-0.0004522893577814102,0.0004522893577814102,0
S4,"A dull, tedious and completely forgettable experience.",NEG,NEG,1,POS,0,A,1,-0.0010998379439115524,0.0010998379439115524,0
S4,"A dull, tedious and completely forgettable experience.",NEG,NEG,0,NEG,1,dull,1,0.008606042712926865,0.008606042712926865,1
S4,"A dull, tedious and completely forgettable experience.",NEG,NEG,1,POS,1,dull,1,0.006622742861509323,0.006622742861509323,1
S4,"A dull, tedious and completely forgettable experience.",NEG,NEG,0,NEG,2,",",0,0.006768368184566498,0.006768368184566498,1
S4,"A dull, tedious and completely forgettable experience.",NEG,NEG,1,POS,2,",",0,0.008013568818569183,0.008013568818569183,1
S4,"A dull, tedious and completely forgettable experience.",NEG,NEG,0,NEG,3,tedious,1,-0.010967228561639786,0.010967228561639786,0
S4,"A dull, tedious and completely forgettable experience.",NEG,NEG,1,POS,3,tedious,1,-0.009359199553728104,0.009359199553728104,0
S4,"A dull, tedious and completely forgettable experience.",NEG,NEG,0,NEG,4,and,1,0.002531733363866806,0.002531733363866806,1
S4,"A dull, tedious and completely forgettable experience.",NEG,NEG,1,POS,4,and,1,0.0036867819726467133,0.0036867819726467133,1
S4,"A dull, tedious and completely forgettable experience.",NEG,NEG,0,NEG,5,completely,1,0.01588907651603222,0.01588907651603222,1
S4,"A dull, tedious and completely forgettable experience.",NEG,NEG,1,POS,5,completely,1,0.016674889251589775,0.016674889251589775,1
S4,"A dull, tedious and completely forgettable experience.",NEG,NEG,0,NEG,6,forgettable,1,0.017144901677966118,0.017144901677966118,1
S4,"A dull, tedious and completely forgettable experience.",NEG,NEG,1,POS,6,forgettable,1,0.018790176138281822,0.018790176138281822,1
S4,"A dull, tedious and completely forgettable experience.",NEG,NEG,0,NEG,7,experience,1,-0.0048769619315862656,0.0048769619315862656,0
S4,"A dull, tedious and completely forgettable experience.",NEG,NEG,1,POS,7,experience,1,-0.0033824127167463303,0.0033824127167463303,0
S4,"A dull, tedious and completely forgettable experience.",NEG,NEG,0,NEG,8,.,0,0.0031877774745225906,0.0031877774745225906,1
S4,"A dull, tedious and completely forgettable experience.",NEG,NEG,1,POS,8,.,0,0.002422841265797615,0.002422841265797615,1
S5,The direction is inspired and the acting is nothing short of brilliant.,POS,POS,0,NEG,0,The,1,0.025976713746786118,0.025976713746786118,1
S5,The direction is inspired and the acting is nothing short of brilliant.,POS,POS,1,POS,0,The,1,0.02492706850171089,0.02492706850171089,1
S5,The direction is inspired and the acting is nothing short of brilliant.,POS,POS,0,NEG,1,direction,1,-0.02479563094675541,0.02479563094675541,0
S5,The direction is inspired and the acting is nothing short of brilliant.,POS,POS,1,POS,1,direction,1,-0.02404158003628254,0.02404158003628254,0
S5,The direction is inspired and the acting is nothing short of brilliant.,POS,POS,0,NEG,2,is,1,0.004631137475371361,0.004631137475371361,1
S5,The direction is inspired and the acting is nothing short of brilliant.,POS,POS,1,POS,2,is,1,0.0045507606118917465,0.0045507606118917465,1
S5,The direction is inspired and the acting is nothing short of brilliant.,POS,POS,0,NEG,3,inspired,1,0.00918024405837059,0.00918024405837059,1
S5,The direction is inspired and the acting is nothing short of brilliant.,POS,POS,1,POS,3,inspired,1,0.013872925192117691,0.013872925192117691,1
S5,The direction is inspired and the acting is nothing short of brilliant.,POS,POS,0,NEG,4,and,1,0.011382970958948135,0.011382970958948135,1
S5,The direction is inspired and the acting is nothing short of brilliant.,POS,POS,1,POS,4,and,1,0.011955339461565018,0.011955339461565018,1
S5,The direction is inspired and the acting is nothing short of brilliant.,POS,POS,0,NEG,5,the,1,0.010769288055598736,0.010769288055598736,1
S5,The direction is inspired and the acting is nothing short of brilliant.,POS,POS,1,POS,5,the,1,0.010724230669438839,0.010724230669438839,1
S5,The direction is inspired and the acting is nothing short of brilliant.,POS,POS,0,NEG,6,acting,1,0.013125444762408733,0.013125444762408733,1
S5,The direction is inspired and the acting is nothing short of brilliant.,POS,POS,1,POS,6,acting,1,0.015871318988502026,0.015871318988502026,1
S5,The direction is inspired and the acting is nothing short of brilliant.,POS,POS,0,NEG,7,is,1,0.0016743475571274757,0.0016743475571274757,1
S5,The direction is inspired and the acting is nothing short of brilliant.,POS,POS,1,POS,7,is,1,0.0028700819239020348,0.0028700819239020348,1
S5,The direction is inspired and the acting is nothing short of brilliant.,POS,POS,0,NEG,8,nothing,1,-0.002753402106463909,0.002753402106463909,0
S5,The direction is inspired and the acting is nothing short of brilliant.,POS,POS,1,POS,8,nothing,1,-0.003413465805351734,0.003413465805351734,0
S5,The direction is inspired and the acting is nothing short of brilliant.,POS,POS,0,NEG,9,short,1,-0.006135917268693447,0.006135917268693447,0
S5,The direction is inspired and the acting is nothing short of brilliant.,POS,POS,1,POS,9,short,1,-0.0037844227626919746,0.0037844227626919746,0
S5,The direction is inspired and the acting is nothing short of brilliant.,POS,POS,0,NEG,10,of,1,0.009313204325735569,0.009313204325735569,1
S5,The direction is inspired and the acting is nothing short of brilliant.,POS,POS,1,POS,10,of,1,0.010282902978360653,0.010282902978360653,1
S5,The direction is inspired and the acting is nothing short of brilliant.,POS,POS,0,NEG,11,brilliant,1,0.005022840574383736,0.005022840574383736,1
S5,The direction is inspired and the acting is nothing short of brilliant.,POS,POS,1,POS,11,brilliant,1,0.008550764992833138,0.008550764992833138,1
S5,The direction is inspired and the acting is nothing short of brilliant.,POS,POS,0,NEG,12,.,0,-0.003219436854124069,0.003219436854124069,0
S5,The direction is inspired and the acting is nothing short of brilliant.,POS,POS,1,POS,12,.,0,-0.004174012690782547,0.004174012690782547,0
S6,A masterpiece of storytelling with breathtaking visuals and emotion.,POS,POS,0,NEG,0,A,1,-0.001662595197558403,0.001662595197558403,0
S6,A masterpiece of storytelling with breathtaking visuals and emotion.,POS,POS,1,POS,0,A,1,-0.001730678603053093,0.001730678603053093,0
S6,A masterpiece of storytelling with breathtaking visuals and emotion.,POS,POS,0,NEG,1,masterpiece,1,0.020086469128727913,0.020086469128727913,1
S6,A masterpiece of storytelling with breathtaking visuals and emotion.,POS,POS,1,POS,1,masterpiece,1,0.023804323747754097,0.023804323747754097,1
S6,A masterpiece of storytelling with breathtaking visuals and emotion.,POS,POS,0,NEG,2,of,1,0.012158500030636787,0.012158500030636787,1
S6,A masterpiece of storytelling with breathtaking visuals and emotion.,POS,POS,1,POS,2,of,1,0.013809235766530037,0.013809235766530037,1
S6,A masterpiece of storytelling with breathtaking visuals and emotion.,POS,POS,0,NEG,3,storytelling,1,0.01561298780143261,0.01561298780143261,1
S6,A masterpiece of storytelling with breathtaking visuals and emotion.,POS,POS,1,POS,3,storytelling,1,0.020860934630036354,0.020860934630036354,1
S6,A masterpiece of storytelling with breathtaking visuals and emotion.,POS,POS,0,NEG,4,with,1,0.007371371611952782,0.007371371611952782,1
S6,A masterpiece of storytelling with breathtaking visuals and emotion.,POS,POS,1,POS,4,with,1,0.009254047647118568,0.009254047647118568,1
S6,A masterpiece of storytelling with breathtaking visuals and emotion.,POS,POS,0,NEG,5,breathtaking,1,-0.009791901335120201,0.009791901335120201,0
S6,A masterpiece of storytelling with breathtaking visuals and emotion.,POS,POS,1,POS,5,breathtaking,1,-0.008640611544251442,0.008640611544251442,0
S6,A masterpiece of storytelling with breathtaking visuals and emotion.,POS,POS,0,NEG,6,visuals,1,-0.010249948129057884,0.010249948129057884,0
S6,A masterpiece of storytelling with breathtaking visuals and emotion.,POS,POS,1,POS,6,visuals,1,-0.007882015779614449,0.007882015779614449,0
S6,A masterpiece of storytelling with breathtaking visuals and emotion.,POS,POS,0,NEG,7,and,1,0.012711398303508759,0.012711398303508759,1
S6,A masterpiece of storytelling with breathtaking visuals and emotion.,POS,POS,1,POS,7,and,1,0.01304934173822403,0.01304934173822403,1
S6,A masterpiece of storytelling with breathtaking visuals and emotion.,POS,POS,0,NEG,8,emotion,1,-0.0013416819274425507,0.0013416819274425507,0
S6,A masterpiece of storytelling with breathtaking visuals and emotion.,POS,POS,1,POS,8,emotion,1,-0.0020770393311977386,0.0020770393311977386,0
S6,A masterpiece of storytelling with breathtaking visuals and emotion.,POS,POS,0,NEG,9,.,0,-0.003446873277425766,0.003446873277425766,0
S6,A masterpiece of storytelling with breathtaking visuals and emotion.,POS,POS,1,POS,9,.,0,-0.0035330019891262054,0.0035330019891262054,0
S7,Painfully boring and utterly devoid of any originality or charm.,NEG,NEG,0,NEG,0,Painfully,1,0.014112066477537155,0.014112066477537155,1
S7,Painfully boring and utterly devoid of any originality or charm.,NEG,NEG,1,POS,0,Painfully,1,0.009500905871391296,0.009500905871391296,1
S7,Painfully boring and utterly devoid of any originality or charm.,NEG,NEG,0,NEG,1,boring,1,-0.008585996925830841,0.008585996925830841,0
S7,Painfully boring and utterly devoid of any originality or charm.,NEG,NEG,1,POS,1,boring,1,-0.01078169047832489,0.01078169047832489,0
S7,Painfully boring and utterly devoid of any originality or charm.,NEG,NEG,0,NEG,2,and,1,0.010334676131606102,0.010334676131606102,1
S7,Painfully boring and utterly devoid of any originality or charm.,NEG,NEG,1,POS,2,and,1,0.01106935739517212,0.01106935739517212,1
S7,Painfully boring and utterly devoid of any originality or charm.,NEG,NEG,0,NEG,3,utterly,1,0.007686176337301731,0.007686176337301731,1
S7,Painfully boring and utterly devoid of any originality or charm.,NEG,NEG,1,POS,3,utterly,1,0.0067939311265945435,0.0067939311265945435,1
S7,Painfully boring and utterly devoid of any originality or charm.,NEG,NEG,0,NEG,4,devoid,1,0.009831239469349384,0.009831239469349384,1
S7,Painfully boring and utterly devoid of any originality or charm.,NEG,NEG,1,POS,4,devoid,1,0.008375175297260284,0.008375175297260284,1
S7,Painfully boring and utterly devoid of any originality or charm.,NEG,NEG,0,NEG,5,of,1,0.005357054062187672,0.005357054062187672,1
S7,Painfully boring and utterly devoid of any originality or charm.,NEG,NEG,1,POS,5,of,1,0.006054159253835678,0.006054159253835678,1
S7,Painfully boring and utterly devoid of any originality or charm.,NEG,NEG,0,NEG,6,any,1,0.0017123492434620857,0.0017123492434620857,1
S7,Painfully boring and utterly devoid of any originality or charm.,NEG,NEG,1,POS,6,any,1,0.0019887499511241913,0.0019887499511241913,1
S7,Painfully boring and utterly devoid of any originality or charm.,NEG,NEG,0,NEG,7,originality,1,0.0037449393421411514,0.0037449393421411514,1
S7,Painfully boring and utterly devoid of any originality or charm.,NEG,NEG,1,POS,7,originality,1,0.004484400153160095,0.004484400153160095,1
S7,Painfully boring and utterly devoid of any originality or charm.,NEG,NEG,0,NEG,8,or,1,0.0005884207785129547,0.0005884207785129547,1
S7,Painfully boring and utterly devoid of any originality or charm.,NEG,NEG,1,POS,8,or,1,0.0004424452781677246,0.0004424452781677246,1
S7,Painfully boring and utterly devoid of any originality or charm.,NEG,NEG,0,NEG,9,charm,1,-0.018892841413617134,0.018892841413617134,0
S7,Painfully boring and utterly devoid of any originality or charm.,NEG,NEG,1,POS,9,charm,1,-0.015382926911115646,0.015382926911115646,0
S7,Painfully boring and utterly devoid of any originality or charm.,NEG,NEG,0,NEG,10,.,0,0.005955716595053673,0.005955716595053673,1
S7,Painfully boring and utterly devoid of any originality or charm.,NEG,NEG,1,POS,10,.,0,0.004668381065130234,0.004668381065130234,1
S8,The screenplay is weak but the lead actor delivers a captivating turn.,POS,POS,0,NEG,0,The,1,0.0006395354866981506,0.0006395354866981506,1
S8,The screenplay is weak but the lead actor delivers a captivating turn.,POS,POS,1,POS,0,The,1,-0.0008425600826740265,0.0008425600826740265,0
S8,The screenplay is weak but the lead actor delivers a captivating turn.,POS,POS,0,NEG,1,screenplay,1,0.013995502144098282,0.013995502144098282,1
S8,The screenplay is weak but the lead actor delivers a captivating turn.,POS,POS,1,POS,1,screenplay,1,0.019615428522229195,0.019615428522229195,1
S8,The screenplay is weak but the lead actor delivers a captivating turn.,POS,POS,0,NEG,2,is,1,0.006547074764966965,0.006547074764966965,1
S8,The screenplay is weak but the lead actor delivers a captivating turn.,POS,POS,1,POS,2,is,1,0.007559308782219887,0.007559308782219887,1
S8,The screenplay is weak but the lead actor delivers a captivating turn.,POS,POS,0,NEG,3,weak,1,0.01587890088558197,0.01587890088558197,1
S8,The screenplay is weak but the lead actor delivers a captivating turn.,POS,POS,1,POS,3,weak,1,0.012823518365621567,0.012823518365621567,1
S8,The screenplay is weak but the lead actor delivers a captivating turn.,POS,POS,0,NEG,4,but,1,0.02108495682477951,0.02108495682477951,1
S8,The screenplay is weak but the lead actor delivers a captivating turn.,POS,POS,1,POS,4,but,1,0.021572183817625046,0.021572183817625046,1
S8,The screenplay is weak but the lead actor delivers a captivating turn.,POS,POS,0,NEG,5,the,1,0.006145251914858818,0.006145251914858818,1
S8,The screenplay is weak but the lead actor delivers a captivating turn.,POS,POS,1,POS,5,the,1,0.005079067312180996,0.005079067312180996,1
S8,The screenplay is weak but the lead actor delivers a captivating turn.,POS,POS,0,NEG,6,lead,1,0.0003297235816717148,0.0003297235816717148,1
S8,The screenplay is weak but the lead actor delivers a captivating turn.,POS,POS,1,POS,6,lead,1,0.002085386775434017,0.002085386775434017,1
S8,The screenplay is weak but the lead actor delivers a captivating turn.,POS,POS,0,NEG,7,actor,1,-0.0040085818618535995,0.0040085818618535995,0
S8,The screenplay is weak but the lead actor delivers a captivating turn.,POS,POS,1,POS,7,actor,1,-0.0029427362605929375,0.0029427362605929375,0
S8,The screenplay is weak but the lead actor delivers a captivating turn.,POS,POS,0,NEG,8,delivers,1,0.006809646263718605,0.006809646263718605,1
S8,The screenplay is weak but the lead actor delivers a captivating turn.,POS,POS,1,POS,8,delivers,1,0.009638265706598759,0.009638265706598759,1
S8,The screenplay is weak but the lead actor delivers a captivating turn.,POS,POS,0,NEG,9,a,1,-0.0016763228923082352,0.0016763228923082352,0
S8,The screenplay is weak but the lead actor delivers a captivating turn.,POS,POS,1,POS,9,a,1,-0.0019861673936247826,0.0019861673936247826,0
S8,The screenplay is weak but the lead actor delivers a captivating turn.,POS,POS,0,NEG,10,captivating,1,0.0010146107524633408,0.0010146107524633408,1
S8,The screenplay is weak but the lead actor delivers a captivating turn.,POS,POS,1,POS,10,captivating,1,0.008849789388477802,0.008849789388477802,1
S8,The screenplay is weak but the lead actor delivers a captivating turn.,POS,POS,0,NEG,11,turn,1,-0.010698843747377396,0.010698843747377396,0
S8,The screenplay is weak but the lead actor delivers a captivating turn.,POS,POS,1,POS,11,turn,1,-0.011068152263760567,0.011068152263760567,0
S8,The screenplay is weak but the lead actor delivers a captivating turn.,POS,POS,0,NEG,12,.,0,0.002391129732131958,0.002391129732131958,1
S8,The screenplay is weak but the lead actor delivers a captivating turn.,POS,POS,1,POS,12,.,0,0.0024521611630916595,0.0024521611630916595,1
S9,A hollow and disappointing sequel that betrays everything the original stood for.,NEG,NEG,0,NEG,0,A,1,-0.004607418552041054,0.004607418552041054,0
S9,A hollow and disappointing sequel that betrays everything the original stood for.,NEG,NEG,1,POS,0,A,1,-0.004718562588095665,0.004718562588095665,0
S9,A hollow and disappointing sequel that betrays everything the original stood for.,NEG,NEG,0,NEG,1,hollow,1,-0.020059924572706223,0.020059924572706223,0
S9,A hollow and disappointing sequel that betrays everything the original stood for.,NEG,NEG,1,POS,1,hollow,1,-0.018941979855298996,0.018941979855298996,0
S9,A hollow and disappointing sequel that betrays everything the original stood for.,NEG,NEG,0,NEG,2,and,1,0.01487722247838974,0.01487722247838974,1
S9,A hollow and disappointing sequel that betrays everything the original stood for.,NEG,NEG,1,POS,2,and,1,0.015833579003810883,0.015833579003810883,1
S9,A hollow and disappointing sequel that betrays everything the original stood for.,NEG,NEG,0,NEG,3,disappointing,1,0.01812742557376623,0.01812742557376623,1
S9,A hollow and disappointing sequel that betrays everything the original stood for.,NEG,NEG,1,POS,3,disappointing,1,0.014264344237744808,0.014264344237744808,1
S9,A hollow and disappointing sequel that betrays everything the original stood for.,NEG,NEG,0,NEG,4,sequel,1,0.05766048561781645,0.05766048561781645,1
S9,A hollow and disappointing sequel that betrays everything the original stood for.,NEG,NEG,1,POS,4,sequel,1,0.06185235362499952,0.06185235362499952,1
S9,A hollow and disappointing sequel that betrays everything the original stood for.,NEG,NEG,0,NEG,5,that,1,0.007968911901116371,0.007968911901116371,1
S9,A hollow and disappointing sequel that betrays everything the original stood for.,NEG,NEG,1,POS,5,that,1,0.008023569360375404,0.008023569360375404,1
S9,A hollow and disappointing sequel that betrays everything the original stood for.,NEG,NEG,0,NEG,6,betrays,1,0.0002622511237859726,0.0002622511237859726,1
S9,A hollow and disappointing sequel that betrays everything the original stood for.,NEG,NEG,1,POS,6,betrays,1,-0.0005170833319425583,0.0005170833319425583,0
S9,A hollow and disappointing sequel that betrays everything the original stood for.,NEG,NEG,0,NEG,7,everything,1,0.008949791081249714,0.008949791081249714,1
S9,A hollow and disappointing sequel that betrays everything the original stood for.,NEG,NEG,1,POS,7,everything,1,0.009052916429936886,0.009052916429936886,1
S9,A hollow and disappointing sequel that betrays everything the original stood for.,NEG,NEG,0,NEG,8,the,1,-0.0010600900277495384,0.0010600900277495384,0
S9,A hollow and disappointing sequel that betrays everything the original stood for.,NEG,NEG,1,POS,8,the,1,-0.0009886221960186958,0.0009886221960186958,0
S9,A hollow and disappointing sequel that betrays everything the original stood for.,NEG,NEG,0,NEG,9,original,1,0.002726522274315357,0.002726522274315357,1
S9,A hollow and disappointing sequel that betrays everything the original stood for.,NEG,NEG,1,POS,9,original,1,0.0022635990753769875,0.0022635990753769875,1
S9,A hollow and disappointing sequel that betrays everything the original stood for.,NEG,NEG,0,NEG,10,stood,1,-0.01413243543356657,0.01413243543356657,0
S9,A hollow and disappointing sequel that betrays everything the original stood for.,NEG,NEG,1,POS,10,stood,1,-0.013886700384318829,0.013886700384318829,0
S9,A hollow and disappointing sequel that betrays everything the original stood for.,NEG,NEG,0,NEG,11,for,1,0.0044197384268045425,0.0044197384268045425,1
S9,A hollow and disappointing sequel that betrays everything the original stood for.,NEG,NEG,1,POS,11,for,1,0.004940083250403404,0.004940083250403404,1
S9,A hollow and disappointing sequel that betrays everything the original stood for.,NEG,NEG,0,NEG,12,.,0,0.0021891556680202484,0.0021891556680202484,1
S9,A hollow and disappointing sequel that betrays everything the original stood for.,NEG,NEG,1,POS,12,.,0,0.0019717253744602203,0.0019717253744602203,1
S10,"Funny, heartfelt and endlessly entertaining from beginning to end.",POS,POS,0,NEG,0,Funny,1,0.022830229252576828,0.022830229252576828,1
S10,"Funny, heartfelt and endlessly entertaining from beginning to end.",POS,POS,1,POS,0,Funny,1,0.023669656366109848,0.023669656366109848,1
S10,"Funny, heartfelt and endlessly entertaining from beginning to end.",POS,POS,0,NEG,1,",",0,-0.0017359182238578796,0.0017359182238578796,0
S10,"Funny, heartfelt and endlessly entertaining from beginning to end.",POS,POS,1,POS,1,",",0,-0.0017580017447471619,0.0017580017447471619,0
S10,"Funny, heartfelt and endlessly entertaining from beginning to end.",POS,POS,0,NEG,2,heartfelt,1,0.0002945326268672943,0.0002945326268672943,1
S10,"Funny, heartfelt and endlessly entertaining from beginning to end.",POS,POS,1,POS,2,heartfelt,1,0.0028428323566913605,0.0028428323566913605,1
S10,"Funny, heartfelt and endlessly entertaining from beginning to end.",POS,POS,0,NEG,3,and,1,0.003990869969129562,0.003990869969129562,1
S10,"Funny, heartfelt and endlessly entertaining from beginning to end.",POS,POS,1,POS,3,and,1,0.005753327161073685,0.005753327161073685,1
S10,"Funny, heartfelt and endlessly entertaining from beginning to end.",POS,POS,0,NEG,4,endlessly,1,0.006494014523923397,0.006494014523923397,1
S10,"Funny, heartfelt and endlessly entertaining from beginning to end.",POS,POS,1,POS,4,endlessly,1,0.007955820299685001,0.007955820299685001,1
S10,"Funny, heartfelt and endlessly entertaining from beginning to end.",POS,POS,0,NEG,5,entertaining,1,0.019130016677081585,0.019130016677081585,1
S10,"Funny, heartfelt and endlessly entertaining from beginning to end.",POS,POS,1,POS,5,entertaining,1,0.02453912142664194,0.02453912142664194,1
S10,"Funny, heartfelt and endlessly entertaining from beginning to end.",POS,POS,0,NEG,6,from,1,-0.0020621949806809425,0.0020621949806809425,0
S10,"Funny, heartfelt and endlessly entertaining from beginning to end.",POS,POS,1,POS,6,from,1,-0.0005274908617138863,0.0005274908617138863,0
S10,"Funny, heartfelt and endlessly entertaining from beginning to end.",POS,POS,0,NEG,7,beginning,1,-0.003246535547077656,0.003246535547077656,0
S10,"Funny, heartfelt and endlessly entertaining from beginning to end.",POS,POS,1,POS,7,beginning,1,-0.0011082375422120094,0.0011082375422120094,0
S10,"Funny, heartfelt and endlessly entertaining from beginning to end.",POS,POS,0,NEG,8,to,1,-0.00036567170172929764,0.00036567170172929764,0
S10,"Funny, heartfelt and endlessly entertaining from beginning to end.",POS,POS,1,POS,8,to,1,0.0003123665228486061,0.0003123665228486061,1
S10,"Funny, heartfelt and endlessly entertaining from beginning to end.",POS,POS,0,NEG,9,end,1,-0.0007890062406659126,0.0007890062406659126,0
S10,"Funny, heartfelt and endlessly entertaining from beginning to end.",POS,POS,1,POS,9,end,1,-0.001040804199874401,0.001040804199874401,0
S10,"Funny, heartfelt and endlessly entertaining from beginning to end.",POS,POS,0,NEG,10,.,0,0.0021335314959287643,0.0021335314959287643,1
S10,"Funny, heartfelt and endlessly entertaining from beginning to end.",POS,POS,1,POS,10,.,0,0.002405798062682152,0.002405798062682152,1
D01,"It's just disappointingly superficial—a movie that has all the elements necessary to be a fascinating, involving character study, but never does more than scratch the surface.",NEG,POS,0,NEG,0,It's,1,0.014050037733146122,0.014050037733146122,1
D01,"It's just disappointingly superficial—a movie that has all the elements necessary to be a fascinating, involving character study, but never does more than scratch the surface.",NEG,POS,1,POS,0,It's,1,0.013446910306811333,0.013446910306811333,1
D01,"It's just disappointingly superficial—a movie that has all the elements necessary to be a fascinating, involving character study, but never does more than scratch the surface.",NEG,POS,0,NEG,1,just,1,0.007690914507423128,0.007690914507423128,1
D01,"It's just disappointingly superficial—a movie that has all the elements necessary to be a fascinating, involving character study, but never does more than scratch the surface.",NEG,POS,1,POS,1,just,1,0.007712870836257935,0.007712870836257935,1
D01,"It's just disappointingly superficial—a movie that has all the elements necessary to be a fascinating, involving character study, but never does more than scratch the surface.",NEG,POS,0,NEG,2,disappointingly,1,0.03153129454169955,0.03153129454169955,1
D01,"It's just disappointingly superficial—a movie that has all the elements necessary to be a fascinating, involving character study, but never does more than scratch the surface.",NEG,POS,1,POS,2,disappointingly,1,0.030992839485406876,0.030992839485406876,1
D01,"It's just disappointingly superficial—a movie that has all the elements necessary to be a fascinating, involving character study, but never does more than scratch the surface.",NEG,POS,0,NEG,3,superficial,1,-0.015134578570723534,0.015134578570723534,0
D01,"It's just disappointingly superficial—a movie that has all the elements necessary to be a fascinating, involving character study, but never does more than scratch the surface.",NEG,POS,1,POS,3,superficial,1,-0.01665405184030533,0.01665405184030533,0
D01,"It's just disappointingly superficial—a movie that has all the elements necessary to be a fascinating, involving character study, but never does more than scratch the surface.",NEG,POS,0,NEG,4,—,0,-0.009251989424228668,0.009251989424228668,0
D01,"It's just disappointingly superficial—a movie that has all the elements necessary to be a fascinating, involving character study, but never does more than scratch the surface.",NEG,POS,1,POS,4,—,0,-0.009431927464902401,0.009431927464902401,0
D01,"It's just disappointingly superficial—a movie that has all the elements necessary to be a fascinating, involving character study, but never does more than scratch the surface.",NEG,POS,0,NEG,5,a,1,-0.008270425722002983,0.008270425722002983,0
D01,"It's just disappointingly superficial—a movie that has all the elements necessary to be a fascinating, involving character study, but never does more than scratch the surface.",NEG,POS,1,POS,5,a,1,-0.008485984988510609,0.008485984988510609,0
D01,"It's just disappointingly superficial—a movie that has all the elements necessary to be a fascinating, involving character study, but never does more than scratch the surface.",NEG,POS,0,NEG,6,movie,1,0.034475889056921005,0.034475889056921005,1
D01,"It's just disappointingly superficial—a movie that has all the elements necessary to be a fascinating, involving character study, but never does more than scratch the surface.",NEG,POS,1,POS,6,movie,1,0.04326970595866442,0.04326970595866442,1
D01,"It's just disappointingly superficial—a movie that has all the elements necessary to be a fascinating, involving character study, but never does more than scratch the surface.",NEG,POS,0,NEG,7,that,1,0.003030054271221161,0.003030054271221161,1
D01,"It's just disappointingly superficial—a movie that has all the elements necessary to be a fascinating, involving character study, but never does more than scratch the surface.",NEG,POS,1,POS,7,that,1,0.00502187293022871,0.00502187293022871,1
D01,"It's just disappointingly superficial—a movie that has all the elements necessary to be a fascinating, involving character study, but never does more than scratch the surface.",NEG,POS,0,NEG,8,has,1,0.0006713448092341423,0.0006713448092341423,1
D01,"It's just disappointingly superficial—a movie that has all the elements necessary to be a fascinating, involving character study, but never does more than scratch the surface.",NEG,POS,1,POS,8,has,1,0.0014654658734798431,0.0014654658734798431,1
D01,"It's just disappointingly superficial—a movie that has all the elements necessary to be a fascinating, involving character study, but never does more than scratch the surface.",NEG,POS,0,NEG,9,all,1,0.00028590578585863113,0.00028590578585863113,1
D01,"It's just disappointingly superficial—a movie that has all the elements necessary to be a fascinating, involving character study, but never does more than scratch the surface.",NEG,POS,1,POS,9,all,1,0.0012901872396469116,0.0012901872396469116,1
D01,"It's just disappointingly superficial—a movie that has all the elements necessary to be a fascinating, involving character study, but never does more than scratch the surface.",NEG,POS,0,NEG,10,the,1,-0.0029861871153116226,0.0029861871153116226,0
D01,"It's just disappointingly superficial—a movie that has all the elements necessary to be a fascinating, involving character study, but never does more than scratch the surface.",NEG,POS,1,POS,10,the,1,-0.003016558475792408,0.003016558475792408,0
D01,"It's just disappointingly superficial—a movie that has all the elements necessary to be a fascinating, involving character study, but never does more than scratch the surface.",NEG,POS,0,NEG,11,elements,1,-0.008467933163046837,0.008467933163046837,0
D01,"It's just disappointingly superficial—a movie that has all the elements necessary to be a fascinating, involving character study, but never does more than scratch the surface.",NEG,POS,1,POS,11,elements,1,-0.007997541688382626,0.007997541688382626,0
D01,"It's just disappointingly superficial—a movie that has all the elements necessary to be a fascinating, involving character study, but never does more than scratch the surface.",NEG,POS,0,NEG,12,necessary,1,-0.0015540113672614098,0.0015540113672614098,0
D01,"It's just disappointingly superficial—a movie that has all the elements necessary to be a fascinating, involving character study, but never does more than scratch the surface.",NEG,POS,1,POS,12,necessary,1,-0.001210150308907032,0.001210150308907032,0
D01,"It's just disappointingly superficial—a movie that has all the elements necessary to be a fascinating, involving character study, but never does more than scratch the surface.",NEG,POS,0,NEG,13,to,1,-0.0011242711916565895,0.0011242711916565895,0
D01,"It's just disappointingly superficial—a movie that has all the elements necessary to be a fascinating, involving character study, but never does more than scratch the surface.",NEG,POS,1,POS,13,to,1,-0.0006831241771578789,0.0006831241771578789,0
D01,"It's just disappointingly superficial—a movie that has all the elements necessary to be a fascinating, involving character study, but never does more than scratch the surface.",NEG,POS,0,NEG,14,be,1,-0.0030537149868905544,0.0030537149868905544,0
D01,"It's just disappointingly superficial—a movie that has all the elements necessary to be a fascinating, involving character study, but never does more than scratch the surface.",NEG,POS,1,POS,14,be,1,-0.0027228988086183867,0.0027228988086183867,0
D01,"It's just disappointingly superficial—a movie that has all the elements necessary to be a fascinating, involving character study, but never does more than scratch the surface.",NEG,POS,0,NEG,15,a,1,-0.0021888497285544872,0.0021888497285544872,0
D01,"It's just disappointingly superficial—a movie that has all the elements necessary to be a fascinating, involving character study, but never does more than scratch the surface.",NEG,POS,1,POS,15,a,1,-0.0018556437765558562,0.0018556437765558562,0
D01,"It's just disappointingly superficial—a movie that has all the elements necessary to be a fascinating, involving character study, but never does more than scratch the surface.",NEG,POS,0,NEG,16,fascinating,1,-0.003330133855342865,0.003330133855342865,0
D01,"It's just disappointingly superficial—a movie that has all the elements necessary to be a fascinating, involving character study, but never does more than scratch the surface.",NEG,POS,1,POS,16,fascinating,1,-0.002663687181969484,0.002663687181969484,0
D01,"It's just disappointingly superficial—a movie that has all the elements necessary to be a fascinating, involving character study, but never does more than scratch the surface.",NEG,POS,0,NEG,17,",",0,-0.0011669611558318138,0.0011669611558318138,0
D01,"It's just disappointingly superficial—a movie that has all the elements necessary to be a fascinating, involving character study, but never does more than scratch the surface.",NEG,POS,1,POS,17,",",0,-0.0007102182134985924,0.0007102182134985924,0
D01,"It's just disappointingly superficial—a movie that has all the elements necessary to be a fascinating, involving character study, but never does more than scratch the surface.",NEG,POS,0,NEG,18,involving,1,-0.0019549053783218064,0.0019549053783218064,0
D01,"It's just disappointingly superficial—a movie that has all the elements necessary to be a fascinating, involving character study, but never does more than scratch the surface.",NEG,POS,1,POS,18,involving,1,-0.0016231434419751167,0.0016231434419751167,0
D01,"It's just disappointingly superficial—a movie that has all the elements necessary to be a fascinating, involving character study, but never does more than scratch the surface.",NEG,POS,0,NEG,19,character,1,-0.0005628649766246478,0.0005628649766246478,0
D01,"It's just disappointingly superficial—a movie that has all the elements necessary to be a fascinating, involving character study, but never does more than scratch the surface.",NEG,POS,1,POS,19,character,1,0.0010978588834404945,0.0010978588834404945,1
D01,"It's just disappointingly superficial—a movie that has all the elements necessary to be a fascinating, involving character study, but never does more than scratch the surface.",NEG,POS,0,NEG,20,study,1,-0.004351918275157611,0.004351918275157611,0
D01,"It's just disappointingly superficial—a movie that has all the elements necessary to be a fascinating, involving character study, but never does more than scratch the surface.",NEG,POS,1,POS,20,study,1,-0.0015635136514902115,0.0015635136514902115,0
D01,"It's just disappointingly superficial—a movie that has all the elements necessary to be a fascinating, involving character study, but never does more than scratch the surface.",NEG,POS,0,NEG,21,",",0,-0.00046615302562713623,0.00046615302562713623,0
D01,"It's just disappointingly superficial—a movie that has all the elements necessary to be a fascinating, involving character study, but never does more than scratch the surface.",NEG,POS,1,POS,21,",",0,0.000519750639796257,0.000519750639796257,1
D01,"It's just disappointingly superficial—a movie that has all the elements necessary to be a fascinating, involving character study, but never does more than scratch the surface.",NEG,POS,0,NEG,22,but,1,0.008180032670497894,0.008180032670497894,1
D01,"It's just disappointingly superficial—a movie that has all the elements necessary to be a fascinating, involving character study, but never does more than scratch the surface.",NEG,POS,1,POS,22,but,1,0.006422078609466553,0.006422078609466553,1
D01,"It's just disappointingly superficial—a movie that has all the elements necessary to be a fascinating, involving character study, but never does more than scratch the surface.",NEG,POS,0,NEG,23,never,1,0.0020463142544031145,0.0020463142544031145,1
D01,"It's just disappointingly superficial—a movie that has all the elements necessary to be a fascinating, involving character study, but never does more than scratch the surface.",NEG,POS,1,POS,23,never,1,0.002437498793005943,0.002437498793005943,1
D01,"It's just disappointingly superficial—a movie that has all the elements necessary to be a fascinating, involving character study, but never does more than scratch the surface.",NEG,POS,0,NEG,24,does,1,0.002082866802811623,0.002082866802811623,1
D01,"It's just disappointingly superficial—a movie that has all the elements necessary to be a fascinating, involving character study, but never does more than scratch the surface.",NEG,POS,1,POS,24,does,1,0.002066117152571678,0.002066117152571678,1
D01,"It's just disappointingly superficial—a movie that has all the elements necessary to be a fascinating, involving character study, but never does more than scratch the surface.",NEG,POS,0,NEG,25,more,1,0.0009557541459798812,0.0009557541459798812,1
D01,"It's just disappointingly superficial—a movie that has all the elements necessary to be a fascinating, involving character study, but never does more than scratch the surface.",NEG,POS,1,POS,25,more,1,0.0013427216559648513,0.0013427216559648513,1
D01,"It's just disappointingly superficial—a movie that has all the elements necessary to be a fascinating, involving character study, but never does more than scratch the surface.",NEG,POS,0,NEG,26,than,1,0.0009557541459798812,0.0009557541459798812,1
D01,"It's just disappointingly superficial—a movie that has all the elements necessary to be a fascinating, involving character study, but never does more than scratch the surface.",NEG,POS,1,POS,26,than,1,0.0013427216559648513,0.0013427216559648513,1
D01,"It's just disappointingly superficial—a movie that has all the elements necessary to be a fascinating, involving character study, but never does more than scratch the surface.",NEG,POS,0,NEG,27,scratch,1,-0.007067376747727394,0.007067376747727394,0
D01,"It's just disappointingly superficial—a movie that has all the elements necessary to be a fascinating, involving character study, but never does more than scratch the surface.",NEG,POS,1,POS,27,scratch,1,-0.007258611420790355,0.007258611420790355,0
D01,"It's just disappointingly superficial—a movie that has all the elements necessary to be a fascinating, involving character study, but never does more than scratch the surface.",NEG,POS,0,NEG,28,the,1,0.00022994540631771088,0.00022994540631771088,1
D01,"It's just disappointingly superficial—a movie that has all the elements necessary to be a fascinating, involving character study, but never does more than scratch the surface.",NEG,POS,1,POS,28,the,1,-0.00018045182029406237,0.00018045182029406237,0
D01,"It's just disappointingly superficial—a movie that has all the elements necessary to be a fascinating, involving character study, but never does more than scratch the surface.",NEG,POS,0,NEG,29,surface,1,-0.0070790983736515045,0.0070790983736515045,0
D01,"It's just disappointingly superficial—a movie that has all the elements necessary to be a fascinating, involving character study, but never does more than scratch the surface.",NEG,POS,1,POS,29,surface,1,-0.005373081813255946,0.005373081813255946,0
D01,"It's just disappointingly superficial—a movie that has all the elements necessary to be a fascinating, involving character study, but never does more than scratch the surface.",NEG,POS,0,NEG,30,.,0,-0.0017746537923812866,0.0017746537923812866,0
D01,"It's just disappointingly superficial—a movie that has all the elements necessary to be a fascinating, involving character study, but never does more than scratch the surface.",NEG,POS,1,POS,30,.,0,-0.0012275800108909607,0.0012275800108909607,0
D02,"It provides the grand, intelligent entertainment of a superior cast playing smart people amid a compelling plot.",POS,POS,0,NEG,0,It,1,-0.015853755176067352,0.015853755176067352,0
D02,"It provides the grand, intelligent entertainment of a superior cast playing smart people amid a compelling plot.",POS,POS,1,POS,0,It,1,-0.015350038185715675,0.015350038185715675,0
D02,"It provides the grand, intelligent entertainment of a superior cast playing smart people amid a compelling plot.",POS,POS,0,NEG,1,provides,1,0.011758099620540937,0.011758099620540937,1
D02,"It provides the grand, intelligent entertainment of a superior cast playing smart people amid a compelling plot.",POS,POS,1,POS,1,provides,1,0.012251576719184717,0.012251576719184717,1
D02,"It provides the grand, intelligent entertainment of a superior cast playing smart people amid a compelling plot.",POS,POS,0,NEG,2,the,1,0.006535611425836881,0.006535611425836881,1
D02,"It provides the grand, intelligent entertainment of a superior cast playing smart people amid a compelling plot.",POS,POS,1,POS,2,the,1,0.00606076264133056,0.00606076264133056,1
D02,"It provides the grand, intelligent entertainment of a superior cast playing smart people amid a compelling plot.",POS,POS,0,NEG,3,grand,1,0.007804264624913533,0.007804264624913533,1
D02,"It provides the grand, intelligent entertainment of a superior cast playing smart people amid a compelling plot.",POS,POS,1,POS,3,grand,1,0.008196010564764341,0.008196010564764341,1
D02,"It provides the grand, intelligent entertainment of a superior cast playing smart people amid a compelling plot.",POS,POS,0,NEG,4,",",0,-0.0014788061380386353,0.0014788061380386353,0
D02,"It provides the grand, intelligent entertainment of a superior cast playing smart people amid a compelling plot.",POS,POS,1,POS,4,",",0,-0.0008512958884239197,0.0008512958884239197,0
D02,"It provides the grand, intelligent entertainment of a superior cast playing smart people amid a compelling plot.",POS,POS,0,NEG,5,intelligent,1,-0.0013161655515432358,0.0013161655515432358,0
D02,"It provides the grand, intelligent entertainment of a superior cast playing smart people amid a compelling plot.",POS,POS,1,POS,5,intelligent,1,-0.0010239789262413979,0.0010239789262413979,0
D02,"It provides the grand, intelligent entertainment of a superior cast playing smart people amid a compelling plot.",POS,POS,0,NEG,6,entertainment,1,0.005601009353995323,0.005601009353995323,1
D02,"It provides the grand, intelligent entertainment of a superior cast playing smart people amid a compelling plot.",POS,POS,1,POS,6,entertainment,1,0.005872323177754879,0.005872323177754879,1
D02,"It provides the grand, intelligent entertainment of a superior cast playing smart people amid a compelling plot.",POS,POS,0,NEG,7,of,1,0.023570381104946136,0.023570381104946136,1
D02,"It provides the grand, intelligent entertainment of a superior cast playing smart people amid a compelling plot.",POS,POS,1,POS,7,of,1,0.02354124467819929,0.02354124467819929,1
D02,"It provides the grand, intelligent entertainment of a superior cast playing smart people amid a compelling plot.",POS,POS,0,NEG,8,a,1,0.0020068585872650146,0.0020068585872650146,1
D02,"It provides the grand, intelligent entertainment of a superior cast playing smart people amid a compelling plot.",POS,POS,1,POS,8,a,1,0.001461210660636425,0.001461210660636425,1
D02,"It provides the grand, intelligent entertainment of a superior cast playing smart people amid a compelling plot.",POS,POS,0,NEG,9,superior,1,0.0034919362515211105,0.0034919362515211105,1
D02,"It provides the grand, intelligent entertainment of a superior cast playing smart people amid a compelling plot.",POS,POS,1,POS,9,superior,1,0.004016063176095486,0.004016063176095486,1
D02,"It provides the grand, intelligent entertainment of a superior cast playing smart people amid a compelling plot.",POS,POS,0,NEG,10,cast,1,0.0033262912184000015,0.0033262912184000015,1
D02,"It provides the grand, intelligent entertainment of a superior cast playing smart people amid a compelling plot.",POS,POS,1,POS,10,cast,1,0.006327866576611996,0.006327866576611996,1
D02,"It provides the grand, intelligent entertainment of a superior cast playing smart people amid a compelling plot.",POS,POS,0,NEG,11,playing,1,-0.006369726732373238,0.006369726732373238,0
D02,"It provides the grand, intelligent entertainment of a superior cast playing smart people amid a compelling plot.",POS,POS,1,POS,11,playing,1,-0.004235376603901386,0.004235376603901386,0
D02,"It provides the grand, intelligent entertainment of a superior cast playing smart people amid a compelling plot.",POS,POS,0,NEG,12,smart,1,-0.009991047903895378,0.009991047903895378,0
D02,"It provides the grand, intelligent entertainment of a superior cast playing smart people amid a compelling plot.",POS,POS,1,POS,12,smart,1,-0.007127863354980946,0.007127863354980946,0
D02,"It provides the grand, intelligent entertainment of a superior cast playing smart people amid a compelling plot.",POS,POS,0,NEG,13,people,1,-0.006314074620604515,0.006314074620604515,0
D02,"It provides the grand, intelligent entertainment of a superior cast playing smart people amid a compelling plot.",POS,POS,1,POS,13,people,1,-0.0055912347510457035,0.0055912347510457035,0
D02,"It provides the grand, intelligent entertainment of a superior cast playing smart people amid a compelling plot.",POS,POS,0,NEG,14,amid,1,-0.004950499162077904,0.004950499162077904,0
D02,"It provides the grand, intelligent entertainment of a superior cast playing smart people amid a compelling plot.",POS,POS,1,POS,14,amid,1,-0.004623504914343357,0.004623504914343357,0
D02,"It provides the grand, intelligent entertainment of a superior cast playing smart people amid a compelling plot.",POS,POS,0,NEG,15,a,1,0.0014010639861226082,0.0014010639861226082,1
D02,"It provides the grand, intelligent entertainment of a superior cast playing smart people amid a compelling plot.",POS,POS,1,POS,15,a,1,0.001971314257631699,0.001971314257631699,1
D02,"It provides the grand, intelligent entertainment of a superior cast playing smart people amid a compelling plot.",POS,POS,0,NEG,16,compelling,1,0.010007238946855068,0.010007238946855068,1
D02,"It provides the grand, intelligent entertainment of a superior cast playing smart people amid a compelling plot.",POS,POS,1,POS,16,compelling,1,0.010341039455185334,0.010341039455185334,1
D02,"It provides the grand, intelligent entertainment of a superior cast playing smart people amid a compelling plot.",POS,POS,0,NEG,17,plot,1,0.0049621835350990295,0.0049621835350990295,1
D02,"It provides the grand, intelligent entertainment of a superior cast playing smart people amid a compelling plot.",POS,POS,1,POS,17,plot,1,0.0059253387774030365,0.0059253387774030365,1
D02,"It provides the grand, intelligent entertainment of a superior cast playing smart people amid a compelling plot.",POS,POS,0,NEG,18,.,0,-0.0063019245862960815,0.0063019245862960815,0
D02,"It provides the grand, intelligent entertainment of a superior cast playing smart people amid a compelling plot.",POS,POS,1,POS,18,.,0,-0.0063835494220256805,0.0063835494220256805,0
D03,It's a bad thing when a movie has about as much substance as its end-credits blooper reel.,NEG,NEG,0,NEG,0,It's,1,-0.0147596076130867,0.0147596076130867,0
D03,It's a bad thing when a movie has about as much substance as its end-credits blooper reel.,NEG,NEG,1,POS,0,It's,1,-0.015273816883563995,0.015273816883563995,0
D03,It's a bad thing when a movie has about as much substance as its end-credits blooper reel.,NEG,NEG,0,NEG,1,a,1,0.01715126633644104,0.01715126633644104,1
D03,It's a bad thing when a movie has about as much substance as its end-credits blooper reel.,NEG,NEG,1,POS,1,a,1,0.016898036003112793,0.016898036003112793,1
D03,It's a bad thing when a movie has about as much substance as its end-credits blooper reel.,NEG,NEG,0,NEG,2,bad,1,-0.004304219037294388,0.004304219037294388,0
D03,It's a bad thing when a movie has about as much substance as its end-credits blooper reel.,NEG,NEG,1,POS,2,bad,1,-0.008209813386201859,0.008209813386201859,0
D03,It's a bad thing when a movie has about as much substance as its end-credits blooper reel.,NEG,NEG,0,NEG,3,thing,1,-0.02131105586886406,0.02131105586886406,0
D03,It's a bad thing when a movie has about as much substance as its end-credits blooper reel.,NEG,NEG,1,POS,3,thing,1,-0.019776586443185806,0.019776586443185806,0
D03,It's a bad thing when a movie has about as much substance as its end-credits blooper reel.,NEG,NEG,0,NEG,4,when,1,0.010181494057178497,0.010181494057178497,1
D03,It's a bad thing when a movie has about as much substance as its end-credits blooper reel.,NEG,NEG,1,POS,4,when,1,0.008527159690856934,0.008527159690856934,1
D03,It's a bad thing when a movie has about as much substance as its end-credits blooper reel.,NEG,NEG,0,NEG,5,a,1,0.010017402470111847,0.010017402470111847,1
D03,It's a bad thing when a movie has about as much substance as its end-credits blooper reel.,NEG,NEG,1,POS,5,a,1,0.010366179049015045,0.010366179049015045,1
D03,It's a bad thing when a movie has about as much substance as its end-credits blooper reel.,NEG,NEG,0,NEG,6,movie,1,0.029991084709763527,0.029991084709763527,1
D03,It's a bad thing when a movie has about as much substance as its end-credits blooper reel.,NEG,NEG,1,POS,6,movie,1,0.03497622348368168,0.03497622348368168,1
D03,It's a bad thing when a movie has about as much substance as its end-credits blooper reel.,NEG,NEG,0,NEG,7,has,1,0.0042407456785440445,0.0042407456785440445,1
D03,It's a bad thing when a movie has about as much substance as its end-credits blooper reel.,NEG,NEG,1,POS,7,has,1,0.004742925986647606,0.004742925986647606,1
D03,It's a bad thing when a movie has about as much substance as its end-credits blooper reel.,NEG,NEG,0,NEG,8,about,1,0.012265598401427269,0.012265598401427269,1
D03,It's a bad thing when a movie has about as much substance as its end-credits blooper reel.,NEG,NEG,1,POS,8,about,1,0.012303505092859268,0.012303505092859268,1
D03,It's a bad thing when a movie has about as much substance as its end-credits blooper reel.,NEG,NEG,0,NEG,9,as,1,0.011990917846560478,0.011990917846560478,1
D03,It's a bad thing when a movie has about as much substance as its end-credits blooper reel.,NEG,NEG,1,POS,9,as,1,0.01117895171046257,0.01117895171046257,1
D03,It's a bad thing when a movie has about as much substance as its end-credits blooper reel.,NEG,NEG,0,NEG,10,much,1,-6.079394370317459e-05,6.079394370317459e-05,0
D03,It's a bad thing when a movie has about as much substance as its end-credits blooper reel.,NEG,NEG,1,POS,10,much,1,0.000606968067586422,0.000606968067586422,1
D03,It's a bad thing when a movie has about as much substance as its end-credits blooper reel.,NEG,NEG,0,NEG,11,substance,1,-0.0054635414853692055,0.0054635414853692055,0
D03,It's a bad thing when a movie has about as much substance as its end-credits blooper reel.,NEG,NEG,1,POS,11,substance,1,-0.004245447926223278,0.004245447926223278,0
D03,It's a bad thing when a movie has about as much substance as its end-credits blooper reel.,NEG,NEG,0,NEG,12,as,1,0.008961038663983345,0.008961038663983345,1
D03,It's a bad thing when a movie has about as much substance as its end-credits blooper reel.,NEG,NEG,1,POS,12,as,1,0.009566989727318287,0.009566989727318287,1
D03,It's a bad thing when a movie has about as much substance as its end-credits blooper reel.,NEG,NEG,0,NEG,13,its,1,0.009448885917663574,0.009448885917663574,1
D03,It's a bad thing when a movie has about as much substance as its end-credits blooper reel.,NEG,NEG,1,POS,13,its,1,0.010408728383481503,0.010408728383481503,1
D03,It's a bad thing when a movie has about as much substance as its end-credits blooper reel.,NEG,NEG,0,NEG,14,end-credits,1,0.0034805871546268463,0.0034805871546268463,1
D03,It's a bad thing when a movie has about as much substance as its end-credits blooper reel.,NEG,NEG,1,POS,14,end-credits,1,0.006147496402263641,0.006147496402263641,1
D03,It's a bad thing when a movie has about as much substance as its end-credits blooper reel.,NEG,NEG,0,NEG,15,blooper,1,-0.01085709532101949,0.01085709532101949,0
D03,It's a bad thing when a movie has about as much substance as its end-credits blooper reel.,NEG,NEG,1,POS,15,blooper,1,-0.011469816789031029,0.011469816789031029,0
D03,It's a bad thing when a movie has about as much substance as its end-credits blooper reel.,NEG,NEG,0,NEG,16,reel,1,-0.006740393737951915,0.006740393737951915,0
D03,It's a bad thing when a movie has about as much substance as its end-credits blooper reel.,NEG,NEG,1,POS,16,reel,1,-0.005092853680253029,0.005092853680253029,0
D03,It's a bad thing when a movie has about as much substance as its end-credits blooper reel.,NEG,NEG,0,NEG,17,.,0,0.01618250459432602,0.01618250459432602,1
D03,It's a bad thing when a movie has about as much substance as its end-credits blooper reel.,NEG,NEG,1,POS,17,.,0,0.015941932797431946,0.015941932797431946,1
D04,"First-time writer-director Serry shows a remarkable gift for storytelling with this moving, effective little film.",POS,POS,0,NEG,0,First-time,1,-0.00041671469807624817,0.00041671469807624817,0
D04,"First-time writer-director Serry shows a remarkable gift for storytelling with this moving, effective little film.",POS,POS,1,POS,0,First-time,1,0.001213235780596733,0.001213235780596733,1
D04,"First-time writer-director Serry shows a remarkable gift for storytelling with this moving, effective little film.",POS,POS,0,NEG,1,writer-director,1,0.019040867686271667,0.019040867686271667,1
D04,"First-time writer-director Serry shows a remarkable gift for storytelling with this moving, effective little film.",POS,POS,1,POS,1,writer-director,1,0.022868134081363678,0.022868134081363678,1
D04,"First-time writer-director Serry shows a remarkable gift for storytelling with this moving, effective little film.",POS,POS,0,NEG,2,Serry,1,-0.01541505753993988,0.01541505753993988,0
D04,"First-time writer-director Serry shows a remarkable gift for storytelling with this moving, effective little film.",POS,POS,1,POS,2,Serry,1,-0.015053126960992813,0.015053126960992813,0
D04,"First-time writer-director Serry shows a remarkable gift for storytelling with this moving, effective little film.",POS,POS,0,NEG,3,shows,1,-0.0014170017093420029,0.0014170017093420029,0
D04,"First-time writer-director Serry shows a remarkable gift for storytelling with this moving, effective little film.",POS,POS,1,POS,3,shows,1,-0.0005679382011294365,0.0005679382011294365,0
D04,"First-time writer-director Serry shows a remarkable gift for storytelling with this moving, effective little film.",POS,POS,0,NEG,4,a,1,0.0018070843070745468,0.0018070843070745468,1
D04,"First-time writer-director Serry shows a remarkable gift for storytelling with this moving, effective little film.",POS,POS,1,POS,4,a,1,0.0025742193683981895,0.0025742193683981895,1
D04,"First-time writer-director Serry shows a remarkable gift for storytelling with this moving, effective little film.",POS,POS,0,NEG,5,remarkable,1,-0.00010444317013025284,0.00010444317013025284,0
D04,"First-time writer-director Serry shows a remarkable gift for storytelling with this moving, effective little film.",POS,POS,1,POS,5,remarkable,1,0.00362551212310791,0.00362551212310791,1
D04,"First-time writer-director Serry shows a remarkable gift for storytelling with this moving, effective little film.",POS,POS,0,NEG,6,gift,1,-0.014549105428159237,0.014549105428159237,0
D04,"First-time writer-director Serry shows a remarkable gift for storytelling with this moving, effective little film.",POS,POS,1,POS,6,gift,1,-0.014862259849905968,0.014862259849905968,0
D04,"First-time writer-director Serry shows a remarkable gift for storytelling with this moving, effective little film.",POS,POS,0,NEG,7,for,1,-0.0031003402546048164,0.0031003402546048164,0
D04,"First-time writer-director Serry shows a remarkable gift for storytelling with this moving, effective little film.",POS,POS,1,POS,7,for,1,-0.0036883382126688957,0.0036883382126688957,0
D04,"First-time writer-director Serry shows a remarkable gift for storytelling with this moving, effective little film.",POS,POS,0,NEG,8,storytelling,1,-0.0066109029576182365,0.0066109029576182365,0
D04,"First-time writer-director Serry shows a remarkable gift for storytelling with this moving, effective little film.",POS,POS,1,POS,8,storytelling,1,-0.0060601672157645226,0.0060601672157645226,0
D04,"First-time writer-director Serry shows a remarkable gift for storytelling with this moving, effective little film.",POS,POS,0,NEG,9,with,1,0.0006783142065008482,0.0006783142065008482,1
D04,"First-time writer-director Serry shows a remarkable gift for storytelling with this moving, effective little film.",POS,POS,1,POS,9,with,1,0.0012546249975760777,0.0012546249975760777,1
D04,"First-time writer-director Serry shows a remarkable gift for storytelling with this moving, effective little film.",POS,POS,0,NEG,10,this,1,0.01756343835343917,0.01756343835343917,1
D04,"First-time writer-director Serry shows a remarkable gift for storytelling with this moving, effective little film.",POS,POS,1,POS,10,this,1,0.019667608042558033,0.019667608042558033,1
D04,"First-time writer-director Serry shows a remarkable gift for storytelling with this moving, effective little film.",POS,POS,0,NEG,11,moving,1,-0.00314134048918883,0.00314134048918883,0
D04,"First-time writer-director Serry shows a remarkable gift for storytelling with this moving, effective little film.",POS,POS,1,POS,11,moving,1,-0.0017992972085873287,0.0017992972085873287,0
D04,"First-time writer-director Serry shows a remarkable gift for storytelling with this moving, effective little film.",POS,POS,0,NEG,12,",",0,0.0023429691791534424,0.0023429691791534424,1
D04,"First-time writer-director Serry shows a remarkable gift for storytelling with this moving, effective little film.",POS,POS,1,POS,12,",",0,0.004838123917579651,0.004838123917579651,1
D04,"First-time writer-director Serry shows a remarkable gift for storytelling with this moving, effective little film.",POS,POS,0,NEG,13,effective,1,0.02261939086019993,0.02261939086019993,1
D04,"First-time writer-director Serry shows a remarkable gift for storytelling with this moving, effective little film.",POS,POS,1,POS,13,effective,1,0.022854242473840714,0.022854242473840714,1
D04,"First-time writer-director Serry shows a remarkable gift for storytelling with this moving, effective little film.",POS,POS,0,NEG,14,little,1,-0.0055950116366147995,0.0055950116366147995,0
D04,"First-time writer-director Serry shows a remarkable gift for storytelling with this moving, effective little film.",POS,POS,1,POS,14,little,1,-0.006123315542936325,0.006123315542936325,0
D04,"First-time writer-director Serry shows a remarkable gift for storytelling with this moving, effective little film.",POS,POS,0,NEG,15,film,1,0.005294870585203171,0.005294870585203171,1
D04,"First-time writer-director Serry shows a remarkable gift for storytelling with this moving, effective little film.",POS,POS,1,POS,15,film,1,0.006543301045894623,0.006543301045894623,1
D04,"First-time writer-director Serry shows a remarkable gift for storytelling with this moving, effective little film.",POS,POS,0,NEG,16,.,0,0.00710403174161911,0.00710403174161911,1
D04,"First-time writer-director Serry shows a remarkable gift for storytelling with this moving, effective little film.",POS,POS,1,POS,16,.,0,0.006284847855567932,0.006284847855567932,1
D05,"The entire movie is about a boring, sad man being boring and sad.",NEG,NEG,0,NEG,0,The,1,-8.415617048740387e-05,8.415617048740387e-05,0
D05,"The entire movie is about a boring, sad man being boring and sad.",NEG,NEG,1,POS,0,The,1,-0.0014364644885063171,0.0014364644885063171,0
D05,"The entire movie is about a boring, sad man being boring and sad.",NEG,NEG,0,NEG,1,entire,1,0.017018159851431847,0.017018159851431847,1
D05,"The entire movie is about a boring, sad man being boring and sad.",NEG,NEG,1,POS,1,entire,1,0.016122885048389435,0.016122885048389435,1
D05,"The entire movie is about a boring, sad man being boring and sad.",NEG,NEG,0,NEG,2,movie,1,0.05679608695209026,0.05679608695209026,1
D05,"The entire movie is about a boring, sad man being boring and sad.",NEG,NEG,1,POS,2,movie,1,0.06480593234300613,0.06480593234300613,1
D05,"The entire movie is about a boring, sad man being boring and sad.",NEG,NEG,0,NEG,3,is,1,0.01153110433369875,0.01153110433369875,1
D05,"The entire movie is about a boring, sad man being boring and sad.",NEG,NEG,1,POS,3,is,1,0.009662561118602753,0.009662561118602753,1
D05,"The entire movie is about a boring, sad man being boring and sad.",NEG,NEG,0,NEG,4,about,1,0.0065879495814442635,0.0065879495814442635,1
D05,"The entire movie is about a boring, sad man being boring and sad.",NEG,NEG,1,POS,4,about,1,0.00803254172205925,0.00803254172205925,1
D05,"The entire movie is about a boring, sad man being boring and sad.",NEG,NEG,0,NEG,5,a,1,0.0008028922602534294,0.0008028922602534294,1
D05,"The entire movie is about a boring, sad man being boring and sad.",NEG,NEG,1,POS,5,a,1,0.000455440953373909,0.000455440953373909,1
D05,"The entire movie is about a boring, sad man being boring and sad.",NEG,NEG,0,NEG,6,boring,1,0.00217991229146719,0.00217991229146719,1
D05,"The entire movie is about a boring, sad man being boring and sad.",NEG,NEG,1,POS,6,boring,1,0.000489773228764534,0.000489773228764534,1
D05,"The entire movie is about a boring, sad man being boring and sad.",NEG,NEG,0,NEG,7,",",0,0.009390901774168015,0.009390901774168015,1
D05,"The entire movie is about a boring, sad man being boring and sad.",NEG,NEG,1,POS,7,",",0,0.011729009449481964,0.011729009449481964,1
D05,"The entire movie is about a boring, sad man being boring and sad.",NEG,NEG,0,NEG,8,sad,1,-0.004623169079422951,0.004623169079422951,0
D05,"The entire movie is about a boring, sad man being boring and sad.",NEG,NEG,1,POS,8,sad,1,-0.00739891454577446,0.00739891454577446,0
D05,"The entire movie is about a boring, sad man being boring and sad.",NEG,NEG,0,NEG,9,man,1,-0.015524933114647865,0.015524933114647865,0
D05,"The entire movie is about a boring, sad man being boring and sad.",NEG,NEG,1,POS,9,man,1,-0.016838278621435165,0.016838278621435165,0
D05,"The entire movie is about a boring, sad man being boring and sad.",NEG,NEG,0,NEG,10,being,1,-0.006187332794070244,0.006187332794070244,0
D05,"The entire movie is about a boring, sad man being boring and sad.",NEG,NEG,1,POS,10,being,1,-0.005713570863008499,0.005713570863008499,0
D05,"The entire movie is about a boring, sad man being boring and sad.",NEG,NEG,0,NEG,11,boring,1,-0.0108445193618536,0.0108445193618536,0
D05,"The entire movie is about a boring, sad man being boring and sad.",NEG,NEG,1,POS,11,boring,1,-0.010661248117685318,0.010661248117685318,0
D05,"The entire movie is about a boring, sad man being boring and sad.",NEG,NEG,0,NEG,12,and,1,0.010685566812753677,0.010685566812753677,1
D05,"The entire movie is about a boring, sad man being boring and sad.",NEG,NEG,1,POS,12,and,1,0.011780932545661926,0.011780932545661926,1
D05,"The entire movie is about a boring, sad man being boring and sad.",NEG,NEG,0,NEG,13,sad,1,-0.0021056365221738815,0.0021056365221738815,0
D05,"The entire movie is about a boring, sad man being boring and sad.",NEG,NEG,1,POS,13,sad,1,-0.004949800670146942,0.004949800670146942,0
D05,"The entire movie is about a boring, sad man being boring and sad.",NEG,NEG,0,NEG,14,.,0,0.003970148041844368,0.003970148041844368,1
D05,"The entire movie is about a boring, sad man being boring and sad.",NEG,NEG,1,POS,14,.,0,0.004674918949604034,0.004674918949604034,1
D06,"It proves quite compelling as an intense, brooding character study.",POS,POS,0,NEG,0,It,1,-0.00021531246602535248,0.00021531246602535248,0
D06,"It proves quite compelling as an intense, brooding character study.",POS,POS,1,POS,0,It,1,-0.00035944394767284393,0.00035944394767284393,0
D06,"It proves quite compelling as an intense, brooding character study.",POS,POS,0,NEG,1,proves,1,0.014963926747441292,0.014963926747441292,1
D06,"It proves quite compelling as an intense, brooding character study.",POS,POS,1,POS,1,proves,1,0.014394501224160194,0.014394501224160194,1
D06,"It proves quite compelling as an intense, brooding character study.",POS,POS,0,NEG,2,quite,1,0.012935930863022804,0.012935930863022804,1
D06,"It proves quite compelling as an intense, brooding character study.",POS,POS,1,POS,2,quite,1,0.01180831529200077,0.01180831529200077,1
D06,"It proves quite compelling as an intense, brooding character study.",POS,POS,0,NEG,3,compelling,1,0.023410306312143803,0.023410306312143803,1
D06,"It proves quite compelling as an intense, brooding character study.",POS,POS,1,POS,3,compelling,1,0.02566096279770136,0.02566096279770136,1
D06,"It proves quite compelling as an intense, brooding character study.",POS,POS,0,NEG,4,as,1,0.0096282372251153,0.0096282372251153,1
D06,"It proves quite compelling as an intense, brooding character study.",POS,POS,1,POS,4,as,1,0.01040471438318491,0.01040471438318491,1
D06,"It proves quite compelling as an intense, brooding character study.",POS,POS,0,NEG,5,an,1,0.0031259553506970406,0.0031259553506970406,1
D06,"It proves quite compelling as an intense, brooding character study.",POS,POS,1,POS,5,an,1,0.003411431796848774,0.003411431796848774,1
D06,"It proves quite compelling as an intense, brooding character study.",POS,POS,0,NEG,6,intense,1,0.011671190150082111,0.011671190150082111,1
D06,"It proves quite compelling as an intense, brooding character study.",POS,POS,1,POS,6,intense,1,0.01004703063517809,0.01004703063517809,1
D06,"It proves quite compelling as an intense, brooding character study.",POS,POS,0,NEG,7,",",0,0.006212469190359116,0.006212469190359116,1
D06,"It proves quite compelling as an intense, brooding character study.",POS,POS,1,POS,7,",",0,0.009330373257398605,0.009330373257398605,1
D06,"It proves quite compelling as an intense, brooding character study.",POS,POS,0,NEG,8,brooding,1,-0.02051999792456627,0.02051999792456627,0
D06,"It proves quite compelling as an intense, brooding character study.",POS,POS,1,POS,8,brooding,1,-0.02377312257885933,0.02377312257885933,0
D06,"It proves quite compelling as an intense, brooding character study.",POS,POS,0,NEG,9,character,1,0.009389674291014671,0.009389674291014671,1
D06,"It proves quite compelling as an intense, brooding character study.",POS,POS,1,POS,9,character,1,0.013393959030508995,0.013393959030508995,1
D06,"It proves quite compelling as an intense, brooding character study.",POS,POS,0,NEG,10,study,1,-0.012417750433087349,0.012417750433087349,0
D06,"It proves quite compelling as an intense, brooding character study.",POS,POS,1,POS,10,study,1,-0.007597127929329872,0.007597127929329872,0
D06,"It proves quite compelling as an intense, brooding character study.",POS,POS,0,NEG,11,.,0,-0.0038720741868019104,0.0038720741868019104,0
D06,"It proves quite compelling as an intense, brooding character study.",POS,POS,1,POS,11,.,0,-0.004277803003787994,0.004277803003787994,0
D07,"The film's hackneyed message is not helped by the thin characterizations, nonexistent plot, and pretentious visual style.",NEG,POS,0,NEG,0,The,1,0.003952229395508766,0.003952229395508766,1
D07,"The film's hackneyed message is not helped by the thin characterizations, nonexistent plot, and pretentious visual style.",NEG,POS,1,POS,0,The,1,0.003844674676656723,0.003844674676656723,1
D07,"The film's hackneyed message is not helped by the thin characterizations, nonexistent plot, and pretentious visual style.",NEG,POS,0,NEG,1,film's,1,0.034114737063646317,0.034114737063646317,1
D07,"The film's hackneyed message is not helped by the thin characterizations, nonexistent plot, and pretentious visual style.",NEG,POS,1,POS,1,film's,1,0.04292846843600273,0.04292846843600273,1
D07,"The film's hackneyed message is not helped by the thin characterizations, nonexistent plot, and pretentious visual style.",NEG,POS,0,NEG,2,hackneyed,1,-0.014226220548152924,0.014226220548152924,0
D07,"The film's hackneyed message is not helped by the thin characterizations, nonexistent plot, and pretentious visual style.",NEG,POS,1,POS,2,hackneyed,1,-0.012470237910747528,0.012470237910747528,0
D07,"The film's hackneyed message is not helped by the thin characterizations, nonexistent plot, and pretentious visual style.",NEG,POS,0,NEG,3,message,1,-0.003378314897418022,0.003378314897418022,0
D07,"The film's hackneyed message is not helped by the thin characterizations, nonexistent plot, and pretentious visual style.",NEG,POS,1,POS,3,message,1,-0.0020124558359384537,0.0020124558359384537,0
D07,"The film's hackneyed message is not helped by the thin characterizations, nonexistent plot, and pretentious visual style.",NEG,POS,0,NEG,4,is,1,-0.005423946306109428,0.005423946306109428,0
D07,"The film's hackneyed message is not helped by the thin characterizations, nonexistent plot, and pretentious visual style.",NEG,POS,1,POS,4,is,1,-0.004764167591929436,0.004764167591929436,0
D07,"The film's hackneyed message is not helped by the thin characterizations, nonexistent plot, and pretentious visual style.",NEG,POS,0,NEG,5,not,1,0.0015953471884131432,0.0015953471884131432,1
D07,"The film's hackneyed message is not helped by the thin characterizations, nonexistent plot, and pretentious visual style.",NEG,POS,1,POS,5,not,1,0.00021795276552438736,0.00021795276552438736,1
D07,"The film's hackneyed message is not helped by the thin characterizations, nonexistent plot, and pretentious visual style.",NEG,POS,0,NEG,6,helped,1,-0.0019648512825369835,0.0019648512825369835,0
D07,"The film's hackneyed message is not helped by the thin characterizations, nonexistent plot, and pretentious visual style.",NEG,POS,1,POS,6,helped,1,-0.0024993428960442543,0.0024993428960442543,0
D07,"The film's hackneyed message is not helped by the thin characterizations, nonexistent plot, and pretentious visual style.",NEG,POS,0,NEG,7,by,1,0.005096440513928731,0.005096440513928731,1
D07,"The film's hackneyed message is not helped by the thin characterizations, nonexistent plot, and pretentious visual style.",NEG,POS,1,POS,7,by,1,0.005665401617685954,0.005665401617685954,1
D07,"The film's hackneyed message is not helped by the thin characterizations, nonexistent plot, and pretentious visual style.",NEG,POS,0,NEG,8,the,1,0.003923668836553891,0.003923668836553891,1
D07,"The film's hackneyed message is not helped by the thin characterizations, nonexistent plot, and pretentious visual style.",NEG,POS,1,POS,8,the,1,0.00398922214905421,0.00398922214905421,1
D07,"The film's hackneyed message is not helped by the thin characterizations, nonexistent plot, and pretentious visual style.",NEG,POS,0,NEG,9,thin,1,-0.0030320889006058374,0.0030320889006058374,0
D07,"The film's hackneyed message is not helped by the thin characterizations, nonexistent plot, and pretentious visual style.",NEG,POS,1,POS,9,thin,1,-0.0025797014435132346,0.0025797014435132346,0
D07,"The film's hackneyed message is not helped by the thin characterizations, nonexistent plot, and pretentious visual style.",NEG,POS,0,NEG,10,characterizations,1,-0.001772293820977211,0.001772293820977211,0
D07,"The film's hackneyed message is not helped by the thin characterizations, nonexistent plot, and pretentious visual style.",NEG,POS,1,POS,10,characterizations,1,0.0017375443130731583,0.0017375443130731583,1
D07,"The film's hackneyed message is not helped by the thin characterizations, nonexistent plot, and pretentious visual style.",NEG,POS,0,NEG,11,",",0,0.0019176919013261795,0.0019176919013261795,1
D07,"The film's hackneyed message is not helped by the thin characterizations, nonexistent plot, and pretentious visual style.",NEG,POS,1,POS,11,",",0,0.0026282574981451035,0.0026282574981451035,1
D07,"The film's hackneyed message is not helped by the thin characterizations, nonexistent plot, and pretentious visual style.",NEG,POS,0,NEG,12,nonexistent,1,0.004569003979365031,0.004569003979365031,1
D07,"The film's hackneyed message is not helped by the thin characterizations, nonexistent plot, and pretentious visual style.",NEG,POS,1,POS,12,nonexistent,1,0.002813267211119334,0.002813267211119334,1
D07,"The film's hackneyed message is not helped by the thin characterizations, nonexistent plot, and pretentious visual style.",NEG,POS,0,NEG,13,plot,1,0.004576401164134343,0.004576401164134343,1
D07,"The film's hackneyed message is not helped by the thin characterizations, nonexistent plot, and pretentious visual style.",NEG,POS,1,POS,13,plot,1,0.0056526244928439455,0.0056526244928439455,1
D07,"The film's hackneyed message is not helped by the thin characterizations, nonexistent plot, and pretentious visual style.",NEG,POS,0,NEG,14,",",0,0.0031380988657474518,0.0031380988657474518,1
D07,"The film's hackneyed message is not helped by the thin characterizations, nonexistent plot, and pretentious visual style.",NEG,POS,1,POS,14,",",0,0.0034345705062150955,0.0034345705062150955,1
D07,"The film's hackneyed message is not helped by the thin characterizations, nonexistent plot, and pretentious visual style.",NEG,POS,0,NEG,15,and,1,0.0040613338351249695,0.0040613338351249695,1
D07,"The film's hackneyed message is not helped by the thin characterizations, nonexistent plot, and pretentious visual style.",NEG,POS,1,POS,15,and,1,0.0033755265176296234,0.0033755265176296234,1
D07,"The film's hackneyed message is not helped by the thin characterizations, nonexistent plot, and pretentious visual style.",NEG,POS,0,NEG,16,pretentious,1,0.00351851899176836,0.00351851899176836,1
D07,"The film's hackneyed message is not helped by the thin characterizations, nonexistent plot, and pretentious visual style.",NEG,POS,1,POS,16,pretentious,1,0.004788314737379552,0.004788314737379552,1
D07,"The film's hackneyed message is not helped by the thin characterizations, nonexistent plot, and pretentious visual style.",NEG,POS,0,NEG,17,visual,1,-0.000489190686494112,0.000489190686494112,0
D07,"The film's hackneyed message is not helped by the thin characterizations, nonexistent plot, and pretentious visual style.",NEG,POS,1,POS,17,visual,1,0.0004501481540501117,0.0004501481540501117,1
D07,"The film's hackneyed message is not helped by the thin characterizations, nonexistent plot, and pretentious visual style.",NEG,POS,0,NEG,18,style,1,-0.00018567824736237526,0.00018567824736237526,0
D07,"The film's hackneyed message is not helped by the thin characterizations, nonexistent plot, and pretentious visual style.",NEG,POS,1,POS,18,style,1,0.0009241280145943164,0.0009241280145943164,1
D07,"The film's hackneyed message is not helped by the thin characterizations, nonexistent plot, and pretentious visual style.",NEG,POS,0,NEG,19,.,0,-0.000772351399064064,0.000772351399064064,0
D07,"The film's hackneyed message is not helped by the thin characterizations, nonexistent plot, and pretentious visual style.",NEG,POS,1,POS,19,.,0,-0.0007223445922136307,0.0007223445922136307,0
D08,"The film is powerful, accessible, and funny.",POS,POS,0,NEG,0,The,1,0.01178048551082611,0.01178048551082611,1
D08,"The film is powerful, accessible, and funny.",POS,POS,1,POS,0,The,1,0.014392636716365814,0.014392636716365814,1
D08,"The film is powerful, accessible, and funny.",POS,POS,0,NEG,1,film,1,0.03461659140884876,0.03461659140884876,1
D08,"The film is powerful, accessible, and funny.",POS,POS,1,POS,1,film,1,0.04529552720487118,0.04529552720487118,1
D08,"The film is powerful, accessible, and funny.",POS,POS,0,NEG,2,is,1,0.011099638417363167,0.011099638417363167,1
D08,"The film is powerful, accessible, and funny.",POS,POS,1,POS,2,is,1,0.008947303518652916,0.008947303518652916,1
D08,"The film is powerful, accessible, and funny.",POS,POS,0,NEG,3,powerful,1,0.00791751965880394,0.00791751965880394,1
D08,"The film is powerful, accessible, and funny.",POS,POS,1,POS,3,powerful,1,0.012420933693647385,0.012420933693647385,1
D08,"The film is powerful, accessible, and funny.",POS,POS,0,NEG,4,",",0,0.0002374798059463501,0.0002374798059463501,1
D08,"The film is powerful, accessible, and funny.",POS,POS,1,POS,4,",",0,0.003466978669166565,0.003466978669166565,1
D08,"The film is powerful, accessible, and funny.",POS,POS,0,NEG,5,accessible,1,-0.011151164770126343,0.011151164770126343,0
D08,"The film is powerful, accessible, and funny.",POS,POS,1,POS,5,accessible,1,-0.011218331754207611,0.011218331754207611,0
D08,"The film is powerful, accessible, and funny.",POS,POS,0,NEG,6,",",0,-0.0029925554990768433,0.0029925554990768433,0
D08,"The film is powerful, accessible, and funny.",POS,POS,1,POS,6,",",0,-0.0021869465708732605,0.0021869465708732605,0
D08,"The film is powerful, accessible, and funny.",POS,POS,0,NEG,7,and,1,0.003880925476551056,0.003880925476551056,1
D08,"The film is powerful, accessible, and funny.",POS,POS,1,POS,7,and,1,0.0029165521264076233,0.0029165521264076233,1
D08,"The film is powerful, accessible, and funny.",POS,POS,0,NEG,8,funny,1,0.020941536873579025,0.020941536873579025,1
D08,"The film is powerful, accessible, and funny.",POS,POS,1,POS,8,funny,1,0.024228781461715698,0.024228781461715698,1
D08,"The film is powerful, accessible, and funny.",POS,POS,0,NEG,9,.,0,0.0007689259946346283,0.0007689259946346283,1
D08,"The film is powerful, accessible, and funny.",POS,POS,1,POS,9,.,0,0.0003206208348274231,0.0003206208348274231,1
D09,I got a headache watching this meaningless downer.,NEG,NEG,0,NEG,0,I,1,0.0021175965666770935,0.0021175965666770935,1
D09,I got a headache watching this meaningless downer.,NEG,NEG,1,POS,0,I,1,0.0017959177494049072,0.0017959177494049072,1
D09,I got a headache watching this meaningless downer.,NEG,NEG,0,NEG,1,got,1,0.024848267436027527,0.024848267436027527,1
D09,I got a headache watching this meaningless downer.,NEG,NEG,1,POS,1,got,1,0.026347562670707703,0.026347562670707703,1
D09,I got a headache watching this meaningless downer.,NEG,NEG,0,NEG,2,a,1,-0.007157281041145325,0.007157281041145325,0
D09,I got a headache watching this meaningless downer.,NEG,NEG,1,POS,2,a,1,-0.007133021950721741,0.007133021950721741,0
D09,I got a headache watching this meaningless downer.,NEG,NEG,0,NEG,3,headache,1,-0.009836815297603607,0.009836815297603607,0
D09,I got a headache watching this meaningless downer.,NEG,NEG,1,POS,3,headache,1,-0.014305651187896729,0.014305651187896729,0
D09,I got a headache watching this meaningless downer.,NEG,NEG,0,NEG,4,watching,1,0.02234400063753128,0.02234400063753128,1
D09,I got a headache watching this meaningless downer.,NEG,NEG,1,POS,4,watching,1,0.023867957293987274,0.023867957293987274,1
D09,I got a headache watching this meaningless downer.,NEG,NEG,0,NEG,5,this,1,0.025250142440199852,0.025250142440199852,1
D09,I got a headache watching this meaningless downer.,NEG,NEG,1,POS,5,this,1,0.025408567860722542,0.025408567860722542,1
D09,I got a headache watching this meaningless downer.,NEG,NEG,0,NEG,6,meaningless,1,-0.009382432326674461,0.009382432326674461,0
D09,I got a headache watching this meaningless downer.,NEG,NEG,1,POS,6,meaningless,1,-0.01367918960750103,0.01367918960750103,0
D09,I got a headache watching this meaningless downer.,NEG,NEG,0,NEG,7,downer,1,-0.013669699430465698,0.013669699430465698,0
D09,I got a headache watching this meaningless downer.,NEG,NEG,1,POS,7,downer,1,-0.018181513994932175,0.018181513994932175,0
D09,I got a headache watching this meaningless downer.,NEG,NEG,0,NEG,8,.,0,-0.0038257986307144165,0.0038257986307144165,0
D09,I got a headache watching this meaningless downer.,NEG,NEG,1,POS,8,.,0,-0.005111515522003174,0.005111515522003174,0
D10,I had to look away; this was god-awful.,NEG,NEG,0,NEG,0,I,1,-0.001869330182671547,0.001869330182671547,0
D10,I had to look away; this was god-awful.,NEG,NEG,1,POS,0,I,1,-0.0021094344556331635,0.0021094344556331635,0
D10,I had to look away; this was god-awful.,NEG,NEG,0,NEG,1,had,1,0.01165747456252575,0.01165747456252575,1
D10,I had to look away; this was god-awful.,NEG,NEG,1,POS,1,had,1,0.011823847889900208,0.011823847889900208,1
D10,I had to look away; this was god-awful.,NEG,NEG,0,NEG,2,to,1,0.0036688055843114853,0.0036688055843114853,1
D10,I had to look away; this was god-awful.,NEG,NEG,1,POS,2,to,1,0.004282340407371521,0.004282340407371521,1
D10,I had to look away; this was god-awful.,NEG,NEG,0,NEG,3,look,1,0.007693300023674965,0.007693300023674965,1
D10,I had to look away; this was god-awful.,NEG,NEG,1,POS,3,look,1,0.004632379859685898,0.004632379859685898,1
D10,I had to look away; this was god-awful.,NEG,NEG,0,NEG,4,away,1,-0.007851919159293175,0.007851919159293175,0
D10,I had to look away; this was god-awful.,NEG,NEG,1,POS,4,away,1,-0.010210830718278885,0.010210830718278885,0
D10,I had to look away; this was god-awful.,NEG,NEG,0,NEG,5,;,0,0.0030273813754320145,0.0030273813754320145,1
D10,I had to look away; this was god-awful.,NEG,NEG,1,POS,5,;,0,0.004776220768690109,0.004776220768690109,1
D10,I had to look away; this was god-awful.,NEG,NEG,0,NEG,6,this,1,0.011862518265843391,0.011862518265843391,1
D10,I had to look away; this was god-awful.,NEG,NEG,1,POS,6,this,1,0.011938106268644333,0.011938106268644333,1
D10,I had to look away; this was god-awful.,NEG,NEG,0,NEG,7,was,1,-0.004630105569958687,0.004630105569958687,0
D10,I had to look away; this was god-awful.,NEG,NEG,1,POS,7,was,1,-0.0054046884179115295,0.0054046884179115295,0
D10,I had to look away; this was god-awful.,NEG,NEG,0,NEG,8,god-awful,1,0.013126829639077187,0.013126829639077187,1
D10,I had to look away; this was god-awful.,NEG,NEG,1,POS,8,god-awful,1,0.006548278033733368,0.006548278033733368,1
D10,I had to look away; this was god-awful.,NEG,NEG,0,NEG,9,.,0,0.0037700459361076355,0.0037700459361076355,1
D10,I had to look away; this was god-awful.,NEG,NEG,1,POS,9,.,0,0.0033744126558303833,0.0033744126558303833,1
